Team,GP,MPG,PPG,FGM,FGA,FG%,3PM,3PA,3P%,FTM,FTA,FT%,ORB,DRB,RPG,APG,SPG,BPG,TOV,PF,GP_Opp,MPG_Opp,PPG_Opp,FGM_Opp,FGA_Opp,FG%_Opp,3PM_Opp,3PA_Opp,3P%_Opp,FTM_Opp,FTA_Opp,FT%_Opp,ORB_Opp,DRB_Opp,RPG_Opp,APG_Opp,SPG_Opp,BPG_Opp,TOV_Opp,PF_Opp
2017THECITADEL,33,40.5,89.8,29.7,71.5,.415,12.0,35.3,.340,18.4,24.3,.757,13.0,23.2,36.2,17.0,9.3,2.6,14.3,22.3,33,40.4,94.6,33.5,65.5,.512,8.5,22.1,.387,19.0,27.0,.704,12.1,30.6,42.7,19.0,7.2,4.0,17.2,21.2
2017UCLA,36,40.0,89.8,33.6,64.4,.522,9.8,24.2,.406,12.8,17.3,.738,9.0,28.6,37.5,21.4,5.9,5.3,11.2,16.2,36,40.0,75.5,27.8,65.9,.422,8.6,23.6,.365,11.4,16.7,.679,10.6,22.8,33.4,13.0,6.3,1.8,11.5,17.1
2017CENTRALMICHIGAN,32,40.5,88.3,28.5,67.3,.424,12.5,34.8,.358,18.8,23.8,.791,10.8,26.8,37.6,11.3,5.7,2.9,11.3,19.1,32,40.5,87.7,31.9,69.4,.460,8.8,25.5,.346,15.0,21.5,.699,12.9,29.1,42.0,14.6,5.9,3.4,12.3,20.4
2017FORTWAYNE,33,40.6,86.9,32.0,64.5,.496,10.7,26.5,.402,12.3,17.0,.725,9.5,27.1,36.6,17.5,7.7,3.9,13.6,17.9,33,40.6,78.8,27.3,61.5,.443,9.9,25.9,.383,14.4,19.3,.747,7.8,23.9,31.7,14.9,6.3,2.5,14.1,16.9
2017MONTANAST,32,45.2,86.8,29.0,66.6,.435,11.0,29.6,.372,17.8,24.3,.735,10.3,26.7,36.9,15.4,6.2,2.3,13.8,24.6,32,41.3,79.1,25.5,56.7,.449,8.2,21.9,.375,20.0,28.1,.710,9.2,26.8,36.0,12.5,5.8,3.1,13.6,22.0
2017OKLAHOMAST,33,40.0,85.7,29.0,62.1,.467,8.9,22.2,.402,18.8,23.8,.789,12.6,22.5,35.2,14.7,7.6,3.0,13.1,22.1,33,40.0,78.5,26.5,56.2,.471,7.1,19.4,.367,18.3,25.3,.724,9.9,21.5,31.5,13.7,6.5,4.3,14.8,20.7
2017SAVANNAHST,29,40.2,85.7,28.7,70.0,.410,13.5,40.8,.332,14.7,22.7,.648,11.3,27.0,38.3,17.3,7.8,3.2,14.9,19.7,29,40.2,91.9,33.1,73.2,.452,10.6,31.9,.332,15.1,22.5,.671,15.2,32.1,47.3,20.2,6.3,4.6,15.7,20.1
2017MARSHALL,35,40.4,85.6,29.2,63.9,.456,10.2,27.5,.370,17.1,23.3,.734,8.7,26.9,35.6,16.5,6.0,4.0,12.3,18.4,35,40.4,84.0,31.5,68.4,.461,6.9,20.1,.344,14.0,21.2,.659,12.2,28.2,40.4,14.9,6.1,3.3,13.1,20.4
2017PORTLANDST,31,41.3,85.3,30.9,64.2,.482,7.7,22.5,.341,15.8,24.0,.658,9.8,23.4,33.2,15.8,9.9,2.6,12.1,19.0,31,41.3,81.8,29.0,60.4,.481,8.9,24.1,.369,14.8,20.4,.726,10.1,26.7,36.8,16.5,5.9,2.7,16.6,20.1
2017LIPSCOMB,33,40.2,85.0,28.5,59.9,.475,10.3,28.1,.366,17.8,24.6,.723,9.8,25.9,35.7,18.2,6.6,3.2,15.2,21.3,33,40.1,77.6,26.4,59.6,.443,7.4,21.2,.348,17.4,25.1,.694,10.5,24.0,34.5,13.1,6.8,3.2,15.6,22.2
2017KENTUCKY,38,40.1,84.9,29.8,63.1,.473,7.0,19.9,.353,18.2,25.8,.703,11.6,26.7,38.3,15.4,6.0,5.3,11.7,18.8,38,40.1,71.5,25.8,60.8,.424,6.2,20.2,.306,13.8,20.4,.676,9.5,24.0,33.5,11.3,4.8,3.3,14.1,22.8
2017UNCWILMINGTON,35,40.1,84.8,30.6,63.7,.480,9.6,26.2,.366,14.0,20.2,.691,11.7,23.4,35.1,16.1,6.7,3.3,10.4,20.0,35,40.1,75.0,26.8,56.1,.478,5.5,16.2,.338,15.9,22.2,.716,8.3,23.8,32.1,12.4,4.9,2.8,14.1,18.9
2017NORTHCAROLINA,40,40.1,84.4,30.7,65.8,.466,7.1,20.0,.355,16.1,22.9,.701,14.5,27.1,41.6,18.1,7.1,3.5,11.8,17.8,40,40.1,70.6,24.6,59.4,.413,8.0,23.5,.340,13.5,18.7,.725,8.6,21.3,29.9,11.5,6.2,4.4,13.2,19.5
2017OMAHA,32,40.5,83.9,28.0,61.6,.454,9.3,23.9,.388,18.7,25.0,.748,10.3,25.0,35.3,13.8,8.2,3.3,13.9,19.3,32,40.7,84.1,29.6,63.7,.464,9.2,24.8,.371,15.7,21.3,.738,10.7,25.7,36.4,15.6,6.7,3.9,15.1,21.4
2017KANSAS,36,40.4,83.2,29.8,60.9,.488,8.8,21.9,.404,14.9,21.9,.678,11.3,26.2,37.5,16.2,6.9,4.5,12.6,17.8,36,40.4,71.9,25.7,61.1,.420,7.4,20.9,.356,13.1,18.3,.715,10.6,22.4,33.0,12.8,6.8,3.7,12.8,18.7
2017WAKEFOREST,33,40.0,82.8,28.0,59.2,.472,8.1,21.1,.385,18.8,24.1,.778,9.9,25.2,35.1,15.5,5.5,3.7,11.8,20.2,33,40.0,78.4,27.0,59.0,.457,8.2,22.9,.358,16.2,22.4,.724,9.0,23.1,32.1,14.2,6.0,3.8,11.8,21.2
2017GONZAGA,39,40.0,82.6,29.5,58.5,.504,7.3,19.2,.382,16.4,22.8,.717,9.0,30.3,39.3,15.3,6.8,4.7,11.5,16.9,39,40.0,61.5,22.4,61.5,.365,5.7,19.7,.290,10.9,16.6,.658,10.3,22.0,32.3,9.7,5.4,3.1,11.7,19.7
2017MARQUETTE,32,40.2,82.2,28.7,59.0,.487,10.5,24.5,.429,14.3,18.3,.781,8.4,24.0,32.4,16.4,7.2,3.6,12.4,19.4,32,40.2,75.5,26.8,58.4,.459,7.3,20.0,.368,14.5,20.8,.697,9.6,23.1,32.7,16.0,6.6,3.6,13.1,17.1
2017FLORIDAST,35,40.0,82.1,29.6,61.3,.483,6.7,19.2,.347,16.2,23.5,.689,11.3,25.5,36.9,14.6,7.4,5.1,11.9,19.5,35,40.0,72.1,24.5,58.9,.416,7.4,21.2,.349,15.7,22.0,.715,10.4,22.2,32.6,12.1,5.0,3.0,13.8,19.7
2017LOUISIANA,33,40.2,81.9,28.6,61.3,.467,7.0,20.4,.343,17.7,25.4,.695,12.7,24.2,36.9,14.4,7.1,2.8,13.3,18.8,33,40.3,76.8,27.5,58.3,.472,7.0,19.6,.358,14.7,21.1,.697,8.6,22.7,31.3,12.7,6.1,3.3,15.1,20.9
2017CREIGHTON,35,40.0,81.8,30.8,61.1,.504,8.7,21.9,.397,11.5,16.9,.682,7.7,26.1,33.8,17.1,6.1,2.9,12.4,16.7,35,40.0,72.8,26.7,61.0,.437,7.4,22.5,.330,12.1,17.6,.688,10.2,24.4,34.7,12.8,6.7,2.9,13.5,17.4
2017WILLIAMMARY,31,40.3,81.7,28.6,58.3,.491,9.1,23.9,.382,15.4,22.2,.692,8.4,27.3,35.6,17.5,5.4,4.9,12.5,18.3,31,40.3,77.8,27.0,61.2,.442,8.7,25.0,.348,15.0,21.3,.706,9.7,24.0,33.7,13.3,6.4,3.7,11.2,18.8
2017RICE,35,40.4,81.5,27.0,58.5,.462,9.3,24.0,.388,18.1,24.5,.740,9.5,27.4,36.9,13.8,6.3,3.7,15.0,19.1,35,40.6,76.0,27.0,61.6,.438,6.5,20.0,.327,15.5,21.8,.708,9.3,24.2,33.4,13.3,7.2,2.7,13.6,21.4
2017WESTVIRGINIA,37,40.7,81.5,28.6,63.1,.454,7.4,20.5,.362,16.8,24.5,.685,13.8,22.5,36.3,16.4,10.0,4.8,12.3,20.4,37,40.7,66.7,22.3,52.6,.424,6.8,19.1,.353,15.3,22.4,.683,10.1,23.1,33.2,11.9,5.6,3.8,19.7,21.4
2017MONMOUTH,34,40.4,81.2,27.3,62.6,.437,8.9,23.9,.373,17.6,23.3,.757,10.3,26.7,37.0,12.7,6.9,4.6,12.5,20.5,34,40.4,73.6,25.1,61.7,.407,7.8,23.4,.334,15.6,22.0,.711,11.4,25.9,37.2,13.1,5.9,4.4,14.3,20.5
2017UMBC,34,40.9,81.1,28.1,60.0,.469,9.7,24.7,.393,15.1,20.3,.745,8.5,25.8,34.2,14.9,6.6,2.4,12.1,18.4,34,40.9,77.2,27.1,59.7,.454,8.1,22.8,.354,14.9,20.6,.723,9.3,25.4,34.6,14.0,5.6,2.4,12.8,18.7
2017WICHITAST,36,40.0,81.0,27.6,58.8,.469,8.6,21.4,.403,17.3,23.6,.733,11.3,28.4,39.7,16.3,6.5,3.9,11.3,18.8,36,40.0,62.4,20.9,55.6,.377,6.7,21.5,.311,13.8,19.9,.692,8.2,22.0,30.3,10.4,5.3,3.3,13.3,20.9
2017DUKE,37,40.0,80.8,27.5,58.0,.475,8.4,22.2,.379,17.4,22.8,.762,10.2,25.3,35.5,13.1,6.1,4.6,11.4,18.2,37,40.0,70.2,25.9,60.0,.432,5.1,17.3,.293,13.3,18.7,.710,10.1,22.3,32.4,12.1,4.7,2.4,11.8,19.9
2017IOWAST,35,40.7,80.8,29.5,62.5,.472,9.8,24.6,.400,12.1,17.3,.700,8.7,25.1,33.8,15.8,7.8,3.5,10.1,15.9,35,40.7,72.3,26.7,62.2,.428,7.7,22.3,.346,11.2,15.9,.704,11.2,25.7,37.0,13.8,4.8,3.5,14.2,16.5
2017BYU,34,40.0,80.6,27.6,60.5,.456,6.8,19.6,.344,18.7,25.6,.733,10.2,30.1,40.3,15.7,6.6,4.6,13.8,19.3,34,40.0,74.2,26.6,64.0,.416,8.1,24.9,.324,12.9,19.9,.645,9.7,25.4,35.1,14.2,7.0,3.0,12.0,21.4
2017NORTHDAKOTA,32,40.6,80.6,28.9,60.0,.483,7.1,18.3,.390,15.6,21.8,.713,8.8,25.8,34.6,15.2,7.8,2.9,13.1,21.0,32,40.8,73.9,25.8,58.3,.443,6.8,19.3,.351,15.4,22.3,.691,9.3,24.8,34.1,11.7,6.4,2.3,15.0,20.5
2017IOWA,34,41.0,80.5,28.4,62.4,.454,8.8,23.3,.379,15.0,21.8,.688,11.5,25.9,37.4,17.7,7.4,3.8,13.9,17.9,34,41.0,78.1,28.7,64.6,.445,8.5,23.7,.358,12.1,17.7,.685,11.7,25.1,36.8,17.3,7.8,3.4,13.7,19.8
2017AUBURN,32,40.3,80.4,26.9,61.5,.437,9.0,24.7,.366,17.6,26.1,.672,11.0,24.4,35.4,13.0,7.3,5.1,13.6,20.9,32,40.3,79.6,26.9,61.6,.437,8.5,23.9,.357,17.2,23.9,.720,11.8,25.7,37.4,13.6,6.2,2.9,15.2,22.7
2017IONA,35,40.4,80.4,28.0,61.6,.454,9.8,24.6,.397,14.7,19.1,.768,9.1,25.4,34.5,15.5,6.8,3.1,12.1,19.1,35,40.4,76.8,27.2,62.4,.436,8.0,22.2,.361,14.5,20.8,.695,11.8,25.4,37.2,14.4,4.9,2.9,13.2,17.2
2017GREENBAY,32,40.5,80.2,28.5,64.4,.443,6.2,19.1,.322,16.9,24.6,.689,11.6,28.0,39.6,13.9,7.7,4.2,14.0,19.8,32,40.5,77.5,27.5,63.7,.432,8.8,24.4,.360,13.7,20.6,.666,10.5,27.2,37.7,14.0,6.2,3.1,14.9,20.3
2017MURRAYST,33,40.9,80.0,27.2,61.8,.441,8.8,24.3,.360,16.7,22.8,.735,11.3,24.9,36.3,13.9,6.0,2.3,12.2,20.0,33,40.9,77.1,26.6,59.2,.450,7.9,21.9,.360,15.9,22.5,.708,9.8,24.6,34.5,13.3,5.8,3.2,13.2,19.4
2017NEVADA,35,40.1,79.8,26.7,59.5,.448,9.1,23.9,.382,17.3,24.5,.705,10.5,27.1,37.6,16.0,5.4,4.3,11.0,16.6,35,40.1,71.3,26.3,61.4,.428,6.7,21.8,.310,12.0,17.3,.692,9.3,24.5,33.8,13.7,5.5,2.2,11.3,20.7
2017WEBERST,34,40.6,79.8,26.7,54.9,.487,9.2,22.0,.417,17.2,23.2,.741,6.7,24.8,31.5,13.0,5.2,3.4,11.6,17.5,34,40.7,73.8,27.6,61.1,.452,5.8,16.4,.352,12.8,17.3,.739,10.4,23.7,34.1,12.0,4.9,2.3,12.1,20.8
2017INDIANA,34,40.9,79.7,28.2,58.9,.479,8.7,22.8,.380,14.6,20.1,.729,11.6,26.6,38.1,14.4,6.1,4.6,15.2,20.1,34,40.9,73.3,25.5,59.4,.429,6.9,20.4,.337,15.4,21.9,.705,9.6,20.6,30.2,12.1,6.3,4.0,11.6,19.1
2017PURDUE,35,40.4,79.7,28.0,58.4,.479,9.0,22.3,.403,14.7,19.4,.757,9.4,27.2,36.5,18.3,5.2,2.5,12.9,15.8,35,40.4,68.4,25.8,61.3,.421,6.9,20.8,.332,9.9,14.0,.707,8.5,21.8,30.3,12.9,6.5,3.1,11.6,19.1
2017EASTTENNESSEEST,35,40.4,79.5,27.4,56.2,.488,7.6,19.8,.382,17.1,24.3,.702,9.5,25.1,34.7,14.7,8.4,4.6,14.9,19.9,35,40.4,69.7,23.4,56.1,.417,7.8,22.1,.354,15.0,20.8,.722,9.3,21.7,31.0,11.1,6.9,3.6,15.4,20.8
2017FLORIDAGULFCOAST,34,40.3,79.4,29.6,59.3,.499,6.5,18.7,.347,13.7,19.5,.702,10.7,25.8,36.4,15.5,6.1,3.4,12.4,18.7,34,40.3,69.3,24.4,57.5,.425,6.8,22.3,.306,13.6,20.1,.680,9.7,20.7,30.5,12.1,6.1,2.9,12.8,17.8
2017OAKLAND,34,40.1,79.4,27.5,60.5,.455,7.3,21.7,.335,17.1,22.5,.761,9.6,27.5,37.1,16.9,7.8,5.0,13.6,17.4,34,40.1,71.1,25.9,63.7,.407,6.6,20.7,.320,12.6,18.1,.700,10.9,24.4,35.3,13.3,6.4,3.2,14.1,19.6
2017ARKANSAS,36,40.0,79.3,27.7,60.1,.461,6.5,17.7,.365,17.4,22.9,.761,10.7,24.3,35.0,13.8,7.7,4.8,11.9,20.5,36,40.0,73.9,25.0,60.0,.417,7.3,22.0,.332,16.5,23.4,.705,12.1,23.0,35.1,12.6,5.2,3.3,13.0,18.6
2017EASTERNWASHINGTON,34,41.5,79.3,27.9,58.1,.479,8.3,21.8,.379,15.3,19.9,.770,8.6,25.5,34.1,12.4,4.6,4.8,12.2,20.0,34,41.5,76.2,26.4,59.7,.442,8.0,21.5,.371,15.5,21.6,.719,9.3,23.5,32.8,13.6,6.4,2.7,10.7,19.4
2017WINTHROP,33,40.9,79.2,27.0,59.3,.455,9.5,25.4,.373,15.8,22.0,.717,8.9,26.7,35.7,12.8,6.5,5.1,13.0,18.3,33,40.9,70.4,24.6,60.3,.408,6.6,21.2,.313,14.6,20.2,.722,10.2,25.0,35.2,10.0,6.0,3.3,14.0,19.5
2017VIRGINIATECH,33,40.3,79.1,26.9,54.9,.489,8.8,21.8,.403,16.5,22.5,.737,7.0,24.3,31.3,15.1,4.0,2.8,12.1,16.5,33,40.3,74.7,27.3,61.4,.445,8.0,22.0,.364,12.0,16.8,.717,10.1,23.4,33.5,13.6,5.4,3.9,11.7,19.2
2017MOREHEADST,30,40.5,79.0,29.3,63.5,.461,7.3,18.9,.386,13.2,18.1,.726,12.3,23.8,36.1,16.1,6.7,3.2,13.5,21.1,30,40.5,77.0,26.0,56.3,.462,8.7,22.6,.384,16.3,23.2,.703,8.4,22.9,31.3,13.4,5.2,3.6,14.6,17.5
2017OREGON,39,40.1,78.9,28.0,58.2,.481,8.6,22.6,.380,14.4,20.2,.712,9.7,25.4,35.1,15.7,6.5,6.4,11.6,15.8,39,40.1,65.8,23.9,59.3,.403,7.0,22.4,.313,11.0,15.3,.719,9.7,21.4,31.1,11.7,4.8,3.4,13.3,19.0
2017NEWMEXICOST,34,40.1,78.8,26.9,57.6,.467,7.4,22.0,.337,17.6,24.8,.712,12.4,26.0,38.4,14.9,4.9,3.8,13.7,18.4,34,40.2,67.9,24.3,58.0,.419,5.5,18.8,.294,13.8,20.2,.682,10.3,21.5,31.8,10.6,5.2,1.9,13.8,21.6
2017HOUSTONCHRISTIAN,31,40.0,78.7,28.1,62.1,.453,6.3,18.5,.340,16.3,23.2,.700,13.1,24.5,37.6,14.7,6.3,2.6,13.2,19.3,31,40.0,77.4,27.0,58.9,.459,7.6,21.3,.357,15.7,21.4,.736,8.9,22.7,31.6,14.2,6.9,3.5,13.2,20.1
2017BALLST,34,40.6,78.7,27.3,59.2,.461,9.4,24.7,.379,14.7,20.5,.718,9.5,27.2,36.7,15.6,6.0,3.5,14.6,19.4,34,40.6,75.5,26.0,61.7,.422,7.9,22.1,.356,15.6,21.7,.718,10.4,24.3,34.7,12.2,7.3,3.3,12.8,19.4
2017SAMFORD,36,41.4,78.7,26.5,56.6,.469,7.8,19.6,.395,17.9,24.1,.743,9.1,25.9,35.0,16.1,6.1,2.4,13.7,18.8,36,41.4,75.9,26.7,62.3,.429,8.3,25.0,.331,14.3,19.8,.718,11.2,22.8,34.0,16.4,6.8,3.7,12.3,20.4
2017TOLEDO,34,41.5,78.7,27.8,57.8,.480,7.7,21.3,.362,15.4,22.2,.695,9.5,27.0,36.5,16.2,4.0,2.7,13.1,16.9,34,41.5,75.5,29.0,62.9,.461,6.1,19.0,.321,11.4,16.7,.683,8.7,23.6,32.3,12.5,6.8,3.9,10.4,20.2
2017WOFFORD,33,40.9,78.6,27.3,58.4,.467,9.4,23.4,.403,14.6,18.7,.780,9.3,23.2,32.4,16.7,5.6,2.2,12.3,18.7,33,40.9,75.1,26.7,56.6,.472,6.5,19.2,.342,15.2,20.8,.728,8.8,23.3,32.1,12.4,6.3,2.7,12.6,18.3
2017ARIZONAST,33,40.1,78.6,26.9,62.0,.434,9.9,27.2,.366,14.8,19.8,.749,8.6,22.7,31.3,13.0,5.9,3.2,10.4,16.8,33,40.2,81.7,29.6,61.8,.479,9.2,25.3,.364,13.2,18.5,.712,10.7,28.1,38.8,18.8,5.2,3.9,13.5,18.3
2017UTAH,32,40.3,78.5,29.3,58.0,.504,6.7,19.0,.353,13.3,19.4,.682,9.5,27.1,36.7,14.9,6.1,3.5,13.4,16.8,32,40.5,68.3,24.7,59.2,.416,6.8,19.8,.343,12.2,17.9,.681,8.3,22.0,30.3,11.6,6.3,3.2,12.1,19.1
2017CANISIUS,34,40.3,78.4,27.7,60.8,.456,9.1,24.5,.371,13.8,18.8,.736,10.5,21.7,32.2,17.7,6.8,1.9,13.1,19.4,34,40.3,77.7,28.3,58.1,.487,6.7,19.6,.343,14.4,19.6,.733,10.2,24.4,34.6,13.8,5.6,3.3,15.0,18.8
2017UMASSLOWELL,31,40.5,78.4,28.3,58.9,.481,8.3,21.4,.390,13.5,18.3,.735,8.6,23.8,32.4,16.0,5.5,2.1,15.3,20.1,31,40.5,81.2,28.1,60.7,.463,8.2,22.4,.367,16.7,22.7,.736,10.1,23.5,33.6,15.4,8.7,2.6,13.0,18.5
2017TEXASRGV,32,40.8,78.3,27.2,64.1,.424,8.6,25.7,.336,15.3,21.4,.717,11.4,24.4,35.9,15.1,7.7,2.6,15.9,24.4,32,40.8,83.3,27.6,58.8,.470,7.5,20.5,.365,20.6,30.3,.680,11.3,27.7,38.9,16.7,7.3,2.7,16.1,19.2
2017TEXASARLINGTON,36,40.0,78.3,27.8,60.2,.461,8.6,25.6,.337,14.2,20.8,.681,11.3,25.9,37.2,15.7,7.4,2.3,13.1,19.2,36,40.0,69.9,23.9,57.8,.413,8.3,26.2,.318,13.8,21.2,.654,10.7,23.5,34.2,12.9,6.7,3.3,14.3,18.9
2017USC,36,40.2,78.2,27.1,59.4,.456,7.9,21.7,.362,16.2,21.9,.741,10.2,24.4,34.6,15.3,7.0,5.3,11.0,15.9,36,40.1,73.1,27.0,62.3,.434,8.4,22.8,.368,10.7,14.9,.717,10.7,23.4,34.1,14.5,5.6,3.2,12.2,18.7
2017IUPUI,32,40.3,78.1,27.6,61.2,.451,9.0,23.2,.388,13.9,20.4,.683,10.2,23.2,33.4,14.2,6.8,2.7,12.5,20.5,32,40.3,78.7,26.9,57.0,.472,7.1,19.6,.361,17.8,23.6,.756,8.7,25.5,34.2,13.4,5.8,4.0,13.9,20.0
2017TROY,37,40.1,78.1,26.5,58.2,.456,8.4,23.4,.359,16.6,22.9,.724,10.2,25.1,35.4,13.1,6.0,3.5,12.5,17.7,37,40.1,72.1,25.2,59.0,.428,8.0,23.5,.339,13.7,19.0,.720,9.6,22.9,32.5,12.5,6.0,3.2,12.4,19.1
2017CALSTNORTHRIDGE,30,40.0,78.0,26.9,58.2,.461,4.8,13.8,.349,19.5,26.7,.729,9.3,24.8,34.0,13.7,6.9,3.0,13.3,21.3,30,40.0,81.3,28.1,61.1,.460,7.0,18.0,.386,18.2,25.3,.720,10.5,24.4,34.9,13.8,6.1,3.5,12.8,21.5
2017USCUPST,33,40.5,78.0,28.4,61.9,.458,8.6,24.9,.346,12.7,19.3,.657,11.3,26.2,37.5,15.4,5.4,3.2,12.8,16.5,33,40.4,76.6,27.8,63.8,.436,8.0,24.1,.332,12.9,17.7,.728,10.7,24.4,35.1,15.9,5.9,1.9,11.1,18.1
2017OLEMISS,36,40.3,78.0,25.4,60.1,.423,7.9,22.6,.347,19.3,25.7,.752,12.1,26.1,38.2,12.9,6.8,4.1,14.3,19.5,36,40.3,76.3,26.1,61.3,.425,8.9,24.6,.363,15.3,21.8,.701,10.8,24.1,34.9,15.5,6.8,3.6,13.7,21.0
2017WYOMING,38,40.7,77.9,25.9,59.6,.435,9.7,27.8,.350,16.3,22.3,.730,7.9,28.9,36.8,14.8,5.1,4.5,13.2,20.6,38,40.7,74.6,25.2,62.7,.402,6.8,21.8,.310,17.4,24.1,.724,10.6,27.9,38.5,11.2,6.8,2.9,12.2,21.3
2017FLORIDA,36,40.4,77.9,26.5,58.8,.450,7.7,21.5,.359,17.2,23.6,.729,10.8,24.6,35.4,12.5,7.5,4.8,11.9,18.4,36,40.4,66.5,23.6,57.6,.410,5.5,18.0,.305,13.8,19.6,.706,9.8,23.7,33.4,9.6,5.5,2.8,14.8,20.8
2017EASTERNMICHIGAN,33,40.3,77.8,27.8,62.0,.449,6.4,18.7,.343,15.7,21.7,.725,12.0,22.9,34.9,13.4,9.6,4.4,12.1,21.3,33,40.3,73.0,23.4,55.4,.422,7.3,22.1,.332,18.9,26.3,.717,11.4,24.0,35.4,15.1,6.5,2.6,15.8,19.1
2017AUSTINPEAY,30,40.5,77.7,26.9,57.3,.469,7.6,21.3,.355,16.4,23.2,.708,7.4,21.7,29.1,10.8,5.7,2.4,12.5,18.2,30,40.5,83.8,30.7,62.6,.491,8.8,23.8,.370,13.6,18.6,.729,11.4,24.8,36.2,15.8,5.6,2.8,13.8,20.5
2017BUFFALO,32,40.2,77.7,27.4,60.8,.451,7.5,22.7,.330,15.4,22.2,.692,11.8,27.4,39.2,14.3,5.7,4.0,14.5,23.0,32,40.2,74.2,24.8,59.8,.415,7.3,21.0,.347,17.3,25.4,.682,11.3,23.7,35.0,12.7,6.4,3.3,12.7,19.7
2017SOUTHDAKOTA,34,40.2,77.6,26.7,60.1,.444,6.6,19.3,.341,17.7,25.1,.705,9.6,26.4,36.0,12.2,6.8,3.4,11.8,19.3,34,40.4,74.2,26.2,60.5,.434,8.1,22.0,.368,13.6,18.8,.725,9.4,25.9,35.3,13.0,5.1,3.9,13.4,20.1
2017NORTHCAROLINAST,32,40.3,77.6,27.8,59.3,.468,7.1,19.8,.356,15.0,21.5,.700,10.0,25.5,35.5,14.3,5.1,4.4,13.4,18.2,32,40.3,79.6,28.7,63.7,.450,8.4,22.7,.370,13.8,19.3,.716,11.4,23.7,35.1,14.1,6.5,2.9,11.4,18.0
2017NORTHFLORIDA,34,40.0,77.6,27.2,59.6,.457,8.7,24.7,.351,14.4,22.0,.655,11.6,25.9,37.4,13.1,5.4,4.2,15.9,18.8,34,40.0,78.6,28.2,63.0,.448,7.6,21.1,.358,14.6,21.3,.686,11.7,23.4,35.1,15.0,8.0,3.3,11.9,19.2
2017SOUTHERNUTAH,33,40.5,77.5,24.7,60.7,.407,8.8,24.7,.357,19.3,26.1,.741,11.1,24.9,36.0,11.5,5.6,3.2,13.7,24.3,33,40.7,85.8,28.0,58.5,.478,8.9,23.1,.388,21.0,29.1,.720,9.2,26.8,36.0,15.4,5.8,4.4,12.8,22.0
2017JACKSONVILLE,33,40.2,77.5,26.6,57.1,.466,9.9,24.6,.403,14.4,19.5,.736,8.8,22.9,31.8,13.5,8.0,1.9,12.8,18.8,33,40.2,75.1,26.7,56.3,.475,8.5,22.7,.375,13.1,19.6,.667,8.3,23.8,32.1,13.7,5.6,3.0,14.5,18.6
2017LOUISIANATECH,33,40.1,77.5,27.6,59.2,.467,7.8,21.5,.361,14.5,20.4,.709,9.8,27.1,36.8,16.5,6.8,5.3,12.3,15.7,33,40.1,66.8,24.5,59.2,.414,7.0,20.3,.343,10.7,15.7,.683,8.9,24.1,33.0,13.8,5.7,3.1,13.6,17.5
2017NOTREDAME,36,40.1,77.3,27.2,59.4,.458,9.3,24.1,.384,13.6,17.0,.800,8.4,23.8,32.2,15.7,7.1,3.7,9.5,14.8,36,40.1,69.3,25.4,58.8,.432,6.9,20.4,.338,11.6,15.7,.737,10.1,24.0,34.2,13.0,5.2,4.0,12.7,16.0
2017LOUISVILLE,34,40.3,77.3,28.0,61.3,.457,7.0,19.7,.355,14.3,20.8,.686,13.0,25.7,38.7,13.6,6.7,5.4,11.0,19.2,34,40.3,66.0,22.4,55.7,.401,6.3,19.8,.316,15.0,21.6,.695,9.8,22.7,32.5,10.8,5.0,3.5,13.1,18.3
2017HOFSTRA,32,40.3,77.3,26.4,59.6,.443,9.1,24.8,.367,15.3,22.4,.684,11.2,24.0,35.3,13.1,4.4,2.6,10.6,17.0,32,40.3,76.7,28.3,61.1,.462,7.6,20.7,.366,12.6,17.4,.724,10.0,24.4,34.4,14.7,5.1,2.9,10.3,20.2
2017STETSON,32,40.2,77.2,27.7,62.7,.441,8.2,24.0,.339,13.7,20.8,.659,8.1,26.3,34.4,13.6,4.8,2.2,11.3,19.0,32,40.2,82.9,30.1,66.3,.454,8.3,24.0,.347,14.3,20.6,.695,12.1,29.8,42.0,15.2,5.1,3.8,11.3,19.2
2017VILLANOVA,36,40.0,77.2,26.8,54.1,.495,8.6,23.4,.369,14.9,18.9,.790,8.4,24.1,32.5,14.0,7.2,3.0,11.1,14.3,36,40.0,62.7,23.5,56.1,.419,7.0,22.4,.311,8.7,12.4,.703,8.7,19.7,28.4,13.4,5.1,2.0,13.3,18.2
2017GARDNERWEBB,33,40.8,77.2,27.7,57.7,.479,6.3,16.7,.379,15.5,24.8,.624,10.8,26.4,37.1,14.7,8.8,3.6,14.4,20.3,33,40.8,70.3,23.8,57.2,.417,7.0,20.3,.343,15.6,22.7,.689,9.6,23.2,32.8,13.6,6.5,3.6,15.0,20.5
2017LAMAR,34,40.4,77.1,26.7,58.1,.459,7.8,21.5,.362,16.0,23.9,.668,11.0,22.8,33.8,14.1,8.0,2.8,13.4,21.6,34,40.4,71.6,25.1,54.4,.461,5.5,17.1,.322,15.9,22.5,.706,9.2,23.9,33.1,13.3,5.9,4.5,16.0,20.4
2017UNCASHEVILLE,33,40.8,77.1,27.5,57.8,.476,8.0,20.3,.394,14.1,20.6,.681,7.8,24.2,32.0,15.5,9.3,1.9,11.6,16.8,33,40.8,68.5,24.7,55.0,.449,7.5,21.3,.355,11.6,17.6,.657,8.4,24.7,33.1,13.8,5.4,3.2,16.2,17.8
2017WRIGHTST,32,40.3,77.0,25.5,56.8,.449,8.9,23.4,.381,17.1,22.3,.764,9.7,24.6,34.3,14.8,5.7,2.3,14.8,18.6,32,40.3,72.4,25.1,56.9,.442,7.6,22.4,.338,14.6,20.7,.705,8.4,23.1,31.5,12.0,6.8,3.0,14.3,21.6
2017AKRON,36,40.0,77.0,26.4,56.5,.466,10.2,27.3,.372,14.1,20.7,.683,9.3,24.1,33.5,14.4,5.5,3.3,11.7,18.1,36,40.0,70.8,25.4,57.2,.444,6.9,19.0,.365,13.2,18.7,.706,9.0,22.6,31.6,11.4,5.8,2.0,11.5,18.6
2017OHIO,31,40.0,77.0,26.9,59.3,.455,9.2,23.9,.384,13.9,20.2,.690,8.3,27.0,35.3,13.4,5.9,2.8,12.6,17.7,31,40.0,69.9,24.8,59.8,.414,7.0,21.8,.323,13.3,19.4,.684,10.0,26.1,36.1,10.9,5.9,2.8,13.4,19.7
2017DETROITMERCY,31,40.5,77.0,26.8,60.2,.445,8.1,21.8,.372,15.4,23.1,.664,9.7,22.3,32.0,12.8,6.5,2.5,14.5,23.9,31,40.5,84.8,28.8,57.7,.500,8.1,21.4,.380,19.0,27.5,.692,10.0,26.6,36.6,14.7,6.5,3.9,14.8,20.4
2017KENTST,36,40.7,77.0,27.4,63.9,.428,7.1,22.3,.320,15.1,21.0,.719,14.4,25.1,39.5,12.5,6.4,3.7,12.9,19.0,36,40.7,73.0,25.9,59.4,.435,7.4,21.1,.348,13.9,19.8,.703,10.1,22.8,32.8,13.4,5.9,2.4,14.0,19.6
2017TENNESSEEMARTIN,35,40.4,76.9,27.6,59.0,.468,8.2,23.2,.353,13.5,19.7,.688,12.5,23.9,36.4,15.9,6.5,3.5,15.1,17.3,35,40.4,75.1,26.6,59.9,.444,9.2,26.2,.350,12.8,18.0,.708,10.9,20.9,31.8,15.4,6.5,2.8,13.6,18.1
2017YOUNGSTOWNST,34,40.9,76.9,28.9,65.6,.440,7.4,22.1,.333,11.9,17.7,.672,9.4,25.6,35.0,15.1,5.5,3.1,11.9,16.6,34,40.9,82.3,30.4,65.9,.462,8.2,23.8,.346,13.3,18.5,.718,11.3,28.4,39.7,16.3,5.9,3.4,12.3,17.6
2017UTAHVALLEY,34,40.7,76.9,26.1,59.6,.437,8.8,27.6,.320,16.0,22.6,.708,8.7,30.1,38.8,15.6,6.4,3.6,15.4,19.6,34,40.7,72.9,26.1,62.8,.415,6.5,20.6,.316,14.3,21.2,.672,9.4,27.5,36.9,13.4,6.9,2.8,13.7,20.6
2017UMKC,35,40.1,76.9,26.0,59.3,.439,9.0,24.2,.371,15.8,22.2,.713,9.6,24.0,33.6,12.9,6.7,2.6,14.5,22.1,35,40.1,78.7,27.2,59.5,.457,7.3,21.7,.339,17.0,24.9,.680,10.6,25.8,36.3,14.0,6.3,2.8,14.9,20.3
2017STBONAVENTURE,32,40.3,76.8,25.8,58.3,.443,6.3,18.0,.348,19.0,24.7,.769,10.9,23.6,34.5,13.2,7.2,4.3,12.5,20.9,32,40.3,72.4,24.3,56.3,.432,7.6,21.5,.353,16.2,23.3,.692,10.2,22.9,33.1,13.9,5.2,3.8,14.8,20.6
2017STJOHNS,33,40.0,76.8,26.2,60.6,.433,8.4,23.1,.364,15.9,21.9,.724,9.5,23.5,33.0,13.5,6.8,6.0,13.1,20.8,33,40.0,78.7,27.4,59.5,.461,7.5,20.2,.374,16.4,23.4,.702,11.2,26.5,37.7,15.0,6.3,3.2,15.0,20.5
2017BELMONT,30,40.2,76.7,26.6,56.8,.469,10.2,29.8,.342,13.3,17.4,.768,8.2,26.4,34.6,16.0,4.4,2.7,12.7,17.7,30,40.2,69.3,24.7,58.0,.427,5.9,18.6,.318,13.9,18.6,.746,8.4,22.9,31.3,11.3,5.7,2.9,11.4,17.8
2017QUINNIPIAC,31,40.3,76.7,27.4,64.8,.422,7.4,22.6,.326,14.6,21.4,.683,13.2,25.2,38.4,14.4,5.7,3.6,14.5,19.6,31,40.3,83.3,29.0,62.5,.464,7.7,20.3,.380,17.6,23.8,.739,10.6,26.4,37.1,16.0,7.8,3.4,12.5,19.9
2017SOUTHDAKOTAST,35,40.4,76.7,25.2,55.4,.455,9.1,25.2,.360,17.2,22.3,.771,8.5,25.5,34.0,13.1,5.1,2.4,12.9,16.7,35,40.4,77.1,27.5,61.1,.450,10.5,28.3,.373,11.5,15.9,.722,9.5,23.4,33.0,14.6,6.7,3.0,11.2,20.6
2017ARIZONA,37,40.0,76.6,26.4,55.4,.477,6.6,16.9,.390,17.2,22.4,.765,9.6,25.9,35.5,13.5,5.4,3.2,11.2,16.9,37,40.0,65.9,24.1,57.3,.421,6.5,20.8,.310,11.2,16.4,.684,8.6,20.4,28.9,12.9,4.7,2.9,11.6,19.7
2017CHARLOTTE,30,40.2,76.5,26.7,60.1,.444,7.9,21.0,.376,15.3,20.5,.746,7.1,24.6,31.6,12.0,6.3,3.1,12.2,19.3,30,40.2,80.2,29.0,62.0,.468,6.9,18.9,.366,15.4,21.9,.701,10.8,28.4,39.2,13.6,6.3,3.3,13.6,18.8
2017WASHINGTON,31,40.2,76.4,28.2,62.9,.448,7.3,20.6,.354,12.7,19.4,.654,12.3,23.7,36.0,13.2,6.0,5.5,13.7,20.3,31,40.2,81.1,29.0,62.1,.466,7.6,19.1,.399,15.5,21.6,.719,10.4,23.5,33.8,15.2,7.1,3.8,11.9,18.4
2017ILLINOISCHICAGO,36,40.4,76.4,26.1,58.7,.444,7.6,20.7,.365,16.6,23.4,.711,11.1,27.3,38.4,14.6,5.5,5.1,16.4,18.8,36,40.4,76.5,27.3,64.7,.422,6.8,19.1,.357,15.0,20.5,.732,11.7,23.9,35.6,14.1,7.6,3.9,12.4,20.5
2017BUTLER,34,40.3,76.3,26.6,55.8,.477,7.7,21.0,.366,15.4,20.7,.741,7.9,23.0,30.8,13.3,6.1,2.8,10.2,18.8,34,40.3,68.9,24.1,54.0,.445,6.8,20.4,.333,13.9,20.0,.697,7.9,22.0,29.9,10.8,5.0,2.6,13.4,19.2
2017SYRACUSE,34,40.3,76.3,26.3,57.4,.458,8.8,23.3,.379,14.9,20.1,.739,10.2,23.4,33.6,15.6,8.1,4.7,12.3,15.9,34,40.3,71.1,25.5,59.3,.430,8.7,25.3,.343,11.4,17.3,.658,12.3,22.4,34.7,17.1,6.2,2.6,13.2,18.0
2017INCARNATEWORD,29,40.2,76.3,25.4,55.8,.455,8.0,20.7,.388,17.5,25.2,.694,7.7,24.3,31.9,12.5,5.8,4.7,13.5,20.1,29,40.2,80.0,28.6,62.0,.461,5.7,16.8,.340,17.1,23.6,.727,11.1,26.4,37.5,13.6,6.9,3.7,12.6,20.1
2017BUCKNELL,35,40.0,76.2,26.9,56.0,.480,8.2,21.5,.379,14.2,20.9,.681,8.2,24.9,33.1,14.6,7.2,3.8,13.3,18.7,35,40.0,67.9,24.6,57.6,.426,6.2,18.0,.342,12.6,19.1,.660,9.2,23.1,32.3,12.1,7.0,3.0,13.7,19.2
2017NORTHWESTERNST,29,40.3,76.0,25.9,58.6,.442,7.0,19.1,.366,17.2,24.9,.690,10.9,23.8,34.7,14.0,6.8,2.7,15.1,19.6,29,40.3,79.3,28.1,59.9,.470,7.9,20.9,.377,15.2,22.9,.665,10.8,24.8,35.6,16.5,7.0,3.2,14.5,21.7
2017LEHIGH,32,40.5,76.0,26.8,55.9,.479,8.4,21.5,.392,14.0,18.1,.772,6.9,26.3,33.2,14.6,6.7,3.1,14.1,16.8,32,40.5,70.7,25.5,58.7,.434,7.8,22.4,.347,11.9,16.2,.732,7.8,22.9,30.8,13.6,6.4,2.6,13.1,17.7
2017NORTHERNKENTUCKY,35,40.0,76.0,26.5,58.2,.456,8.6,24.5,.349,14.4,21.1,.680,10.3,25.6,35.8,13.9,5.7,2.8,13.4,17.8,35,40.0,71.6,26.2,59.6,.440,6.5,20.0,.325,12.7,18.0,.708,8.7,23.1,31.8,11.9,5.9,4.2,11.9,18.4
2017DAYTON,32,40.2,75.9,25.6,55.1,.465,8.1,21.0,.385,16.6,24.0,.690,8.1,25.2,33.3,15.6,7.8,4.0,11.8,18.8,32,40.2,66.4,22.8,55.4,.413,7.1,21.8,.325,13.7,19.3,.707,8.9,24.2,33.1,12.6,4.3,3.6,14.7,19.8
2017BROWN,30,40.0,75.8,24.5,55.3,.443,8.1,22.2,.367,18.7,24.6,.759,8.7,21.8,30.5,13.3,7.6,1.9,14.3,19.9,30,40.0,77.9,27.7,55.6,.499,7.6,20.5,.372,14.8,20.8,.714,8.8,24.2,33.0,14.8,7.0,4.2,15.9,22.0
2017STFRANCISPA,34,40.4,75.8,27.7,59.4,.467,8.1,20.9,.391,12.2,17.6,.692,9.8,25.4,35.2,13.9,6.6,4.0,14.7,16.2,34,40.4,74.5,27.2,63.4,.428,9.2,25.1,.366,11.0,15.1,.729,11.4,23.8,35.2,14.5,6.7,3.4,13.4,17.0
2017DENVER,30,40.3,75.8,27.0,56.1,.482,7.4,18.5,.402,14.3,19.4,.734,8.7,25.8,34.5,15.1,5.0,2.1,13.5,20.1,30,40.3,74.6,25.2,56.7,.445,7.9,22.0,.358,16.4,22.1,.739,7.9,22.0,29.9,11.6,6.9,3.4,11.0,19.5
2017RIDER,33,40.2,75.7,27.5,61.6,.446,5.4,16.3,.332,15.3,22.8,.672,12.2,27.0,39.2,14.1,6.6,3.6,14.5,19.7,33,40.2,75.8,26.0,60.8,.428,7.5,22.2,.337,16.2,21.8,.742,9.7,25.4,35.1,13.6,7.2,3.6,13.2,20.3
2017LASALLE,30,40.7,75.5,25.4,55.5,.457,8.5,23.3,.364,16.3,21.3,.766,7.9,23.6,31.4,14.2,6.4,2.1,13.1,18.7,30,40.7,76.6,27.0,57.8,.467,8.7,22.2,.394,13.8,19.1,.724,8.6,23.5,32.1,15.0,6.2,2.9,12.3,18.3
2017WESTERNMICHIGAN,32,40.2,75.5,27.0,59.9,.450,6.5,17.6,.371,15.1,21.4,.704,10.8,24.0,34.8,12.9,5.7,2.8,12.5,18.8,32,40.2,75.3,26.8,57.0,.471,7.7,21.3,.362,13.9,19.7,.705,8.3,24.3,32.6,14.0,6.0,3.0,13.5,19.9
2017COLORADO,34,40.3,75.5,26.1,58.6,.446,7.4,21.1,.348,15.9,22.6,.704,10.9,25.0,35.9,13.9,5.1,4.3,12.1,18.6,34,40.3,72.2,25.1,58.2,.432,8.1,22.2,.367,13.8,19.5,.707,9.2,23.8,33.0,12.4,5.6,3.9,11.7,21.2
2017GEORGIASOUTHERN,33,40.1,75.5,25.5,57.8,.441,9.2,25.4,.362,15.4,23.1,.664,8.9,24.3,33.3,10.4,6.8,3.1,11.8,19.4,33,40.2,73.3,25.8,59.5,.434,8.3,24.4,.339,13.5,20.2,.667,11.4,26.6,38.0,13.3,4.8,3.2,13.7,19.3
2017TEXASAMCC,36,40.4,75.4,27.1,57.5,.470,5.4,16.3,.332,15.9,22.0,.722,9.9,23.2,33.1,13.5,9.4,3.9,13.5,19.5,36,40.4,71.5,24.3,55.4,.438,7.9,23.0,.345,15.0,21.9,.685,10.2,23.3,33.5,13.1,7.1,2.7,16.2,20.6
2017MINNESOTA,34,40.9,75.2,26.1,59.9,.435,6.1,17.9,.343,16.9,23.7,.711,10.4,27.8,38.2,14.9,5.7,6.7,11.6,17.0,34,40.9,69.4,25.2,63.0,.400,6.5,20.9,.309,12.6,18.4,.682,11.2,25.7,36.9,13.5,5.6,3.6,12.5,20.2
2017BOISEST,32,40.0,75.1,25.3,56.3,.450,7.9,22.7,.348,16.5,23.2,.712,8.9,25.4,34.4,12.1,4.9,2.4,12.8,20.7,32,40.0,71.2,24.2,56.7,.427,5.7,17.0,.336,17.0,23.4,.729,8.8,23.7,32.6,11.8,6.0,4.6,12.0,20.3
2017ELON,32,40.9,75.1,26.6,59.7,.445,9.6,27.1,.355,12.3,18.0,.685,8.4,28.0,36.4,14.6,5.2,2.3,11.7,16.6,32,40.9,71.6,26.1,62.2,.420,7.8,24.6,.319,11.5,16.4,.704,9.7,26.5,36.2,11.0,6.0,3.1,11.3,18.2
2017UNCGREENSBORO,35,40.0,75.1,27.1,58.4,.464,8.8,23.1,.382,12.2,17.2,.706,10.9,23.1,34.1,15.0,7.0,3.8,13.5,18.2,35,40.0,69.3,23.8,55.5,.428,7.4,20.5,.359,14.3,19.2,.746,9.6,20.7,30.3,12.6,6.4,3.0,13.5,17.3
2017ORALROBERTS,30,40.3,75.1,27.0,60.6,.445,7.2,19.6,.367,13.9,18.3,.759,8.8,24.6,33.4,14.1,5.4,2.9,12.0,17.8,30,40.3,79.9,28.6,61.1,.468,9.2,23.3,.397,13.6,19.2,.707,9.8,26.1,35.8,15.8,6.8,3.1,12.0,17.5
2017KENNESAWST,32,40.0,75.0,27.9,60.4,.462,6.4,15.5,.416,12.8,18.6,.691,10.6,24.0,34.6,15.8,5.1,3.0,13.5,19.2,32,40.0,76.8,27.7,58.6,.472,6.9,18.4,.373,14.6,21.5,.676,9.3,24.0,33.3,12.2,6.6,3.0,12.3,18.3
2017MICHIGAN,38,40.4,75.0,26.4,54.6,.483,9.5,24.7,.385,12.8,16.4,.779,6.9,21.3,28.3,13.9,5.8,2.9,9.2,15.1,38,40.4,66.4,25.2,54.3,.465,5.9,15.6,.378,10.1,14.8,.683,8.9,21.9,30.8,11.6,4.3,2.5,12.5,17.1
2017LONGBEACHST,34,40.7,75.0,26.3,59.9,.440,6.4,18.1,.351,16.0,22.1,.724,10.9,23.7,34.6,13.1,5.9,2.7,14.4,20.1,34,40.7,78.4,27.6,59.6,.463,7.7,20.5,.378,15.4,22.0,.701,10.6,24.0,34.6,13.9,6.8,4.1,13.9,20.3
2017SIENA,34,40.1,75.0,26.4,58.5,.452,5.5,16.7,.327,16.6,23.4,.711,12.1,24.5,36.6,13.5,5.9,4.1,14.0,19.5,34,40.1,74.7,26.5,59.2,.447,6.6,19.4,.339,15.1,21.0,.721,9.9,22.4,32.3,12.6,6.5,3.7,12.4,20.5
2017MIDDLETENNESSEEST,36,40.1,74.9,28.2,57.7,.488,6.3,17.3,.367,12.3,17.5,.699,9.1,25.0,34.0,15.3,6.7,2.8,10.4,18.2,36,40.1,63.9,22.0,52.3,.420,6.1,18.8,.323,13.8,19.4,.711,7.5,21.5,29.0,11.1,4.8,2.4,13.4,16.8
2017DREXEL,32,40.6,74.9,27.0,62.1,.435,8.0,23.2,.345,12.8,19.3,.667,11.3,24.2,35.4,14.7,5.8,3.1,13.3,20.1,32,40.6,78.4,27.4,59.3,.462,7.6,21.4,.357,15.9,23.1,.690,10.1,25.3,35.4,14.0,6.5,3.5,12.5,18.9
2017CENTRALARKANSAS,32,40.5,74.8,26.1,59.7,.438,7.2,19.2,.375,15.4,21.5,.718,9.7,24.7,34.4,14.5,5.6,2.6,13.9,18.9,32,40.5,84.1,29.5,63.5,.465,10.9,27.9,.392,14.1,20.3,.695,11.2,25.5,36.8,18.7,6.4,3.0,11.5,18.2
2017LSU,31,40.0,74.8,27.5,61.1,.451,6.3,18.8,.336,13.5,19.3,.696,10.9,24.1,35.0,12.8,6.0,3.5,14.5,19.1,31,40.0,83.0,28.9,61.3,.472,8.9,23.4,.383,16.2,22.5,.718,10.7,24.8,35.5,15.4,6.9,3.6,12.3,17.9
2017NORTHDAKOTAST,30,40.5,74.8,25.8,56.4,.458,7.7,21.0,.368,15.4,21.7,.711,8.2,25.5,33.7,12.2,6.1,3.7,11.6,16.7,30,40.5,71.5,25.2,58.8,.429,8.4,22.0,.380,12.6,17.8,.708,9.5,24.4,33.9,13.6,5.7,2.9,12.0,19.1
2017EASTERNILLINOIS,29,41.2,74.8,26.6,63.9,.417,8.9,24.0,.372,12.6,17.3,.731,11.4,24.8,36.2,15.3,6.8,4.1,12.7,19.3,29,41.2,71.8,24.8,57.5,.431,6.8,19.2,.354,15.5,22.1,.701,11.1,26.9,37.9,12.9,5.9,3.2,16.2,18.3
2017CLEMSON,33,40.1,74.8,26.4,58.8,.449,7.2,20.3,.357,14.8,20.2,.731,10.5,22.3,32.8,12.5,7.1,3.9,10.7,15.2,33,40.2,71.5,26.5,58.5,.453,7.7,21.6,.356,10.8,14.2,.764,10.2,23.7,33.9,12.8,5.1,3.4,13.5,19.0
2017NORTHCAROLINACENTRAL,34,40.0,74.8,26.8,59.0,.454,7.5,22.4,.335,13.7,20.1,.683,11.1,26.2,37.3,14.1,6.1,3.3,11.9,17.3,34,40.0,63.5,23.2,59.0,.393,6.2,21.3,.290,11.0,16.9,.648,11.4,23.1,34.5,10.6,4.6,2.7,14.1,17.9
2017VCU,35,40.6,74.7,27.0,58.6,.461,5.7,17.2,.331,15.1,21.3,.705,10.4,24.9,35.3,15.0,7.5,3.9,12.4,20.8,35,40.6,66.9,22.9,54.2,.422,5.8,17.1,.338,15.5,22.2,.697,9.2,23.9,33.1,10.6,5.5,3.7,14.1,19.4
2017MONTANA,32,40.3,74.7,26.3,58.7,.449,7.4,20.8,.357,14.6,19.4,.752,9.1,23.7,32.8,13.0,5.7,2.8,10.8,21.8,32,40.3,73.4,25.1,54.3,.462,6.3,18.3,.345,16.9,24.1,.702,8.3,24.8,33.1,11.3,5.2,4.1,12.6,18.9
2017TCU,39,40.2,74.7,27.3,58.6,.466,7.2,20.3,.354,13.0,18.9,.686,10.8,23.9,34.7,16.9,6.6,4.5,12.9,17.3,39,40.3,69.7,25.3,57.2,.443,7.0,19.4,.361,12.0,17.6,.685,9.7,22.0,31.7,14.9,5.8,3.8,13.2,18.2
2017NICHOLLSST,31,40.5,74.7,24.9,58.3,.427,9.0,26.0,.345,16.0,21.6,.739,8.9,22.0,30.9,13.9,7.5,6.1,14.5,19.3,31,40.5,79.5,28.5,60.7,.468,8.3,20.9,.398,14.3,20.8,.685,12.0,26.2,38.2,16.2,6.3,3.6,15.6,19.7
2017VALPARAISO,33,40.3,74.7,25.7,57.9,.444,6.6,20.3,.324,16.7,21.6,.775,10.0,26.6,36.6,12.8,6.4,2.9,12.8,18.8,33,40.3,68.9,24.3,58.6,.414,7.4,22.2,.332,13.0,18.8,.692,9.3,23.1,32.4,13.2,6.2,3.2,13.1,19.8
2017CHATTANOOGA,31,40.2,74.6,25.8,55.4,.466,7.5,21.5,.346,15.5,21.8,.710,9.5,21.4,30.9,12.2,7.8,4.7,13.3,18.4,31,40.1,68.8,24.1,54.3,.445,5.6,16.5,.342,14.9,19.7,.756,9.6,22.3,32.0,11.8,6.3,3.4,14.8,19.4
2017XAVIER,38,40.1,74.6,25.8,56.5,.457,7.0,20.4,.345,16.0,23.2,.688,11.1,24.7,35.8,14.7,6.0,2.6,12.6,18.6,38,40.1,71.3,25.4,56.4,.450,7.4,22.3,.334,13.2,18.8,.698,8.3,21.9,30.3,13.9,6.4,3.8,12.0,21.2
2017SOUTHEASTMISSOURIST,33,40.3,74.5,25.8,57.5,.449,8.0,21.7,.367,14.9,20.1,.742,8.0,21.6,29.6,13.8,7.5,1.9,12.4,19.5,33,40.3,74.7,26.0,54.3,.478,8.0,21.8,.367,14.7,20.7,.711,8.9,25.3,34.2,14.4,4.7,3.0,15.6,18.2
2017TENNESSEE,32,40.2,74.5,25.1,59.5,.422,5.9,18.1,.326,18.4,25.2,.729,11.7,25.3,36.9,13.8,5.5,4.6,12.5,20.9,32,40.2,73.0,24.5,57.3,.427,6.8,19.3,.356,17.2,24.6,.699,10.7,25.3,36.0,12.0,6.0,3.8,14.1,21.2
2017COLLEGEOFCHARLESTONSOUTHERN,31,40.5,74.3,26.6,60.3,.441,7.4,21.6,.341,13.8,20.7,.666,9.8,23.6,33.4,11.0,5.7,2.9,11.5,20.0,31,40.5,75.6,25.6,55.6,.461,7.7,21.4,.359,16.6,22.5,.737,8.1,26.0,34.0,13.8,5.0,3.6,12.5,17.8
2017SAMHOUSTONST,34,40.1,74.3,26.4,60.4,.437,6.2,19.7,.316,15.2,22.2,.686,11.2,25.5,36.6,14.9,7.0,2.7,13.6,22.3,34,40.2,71.3,23.0,54.0,.426,6.9,20.0,.343,18.4,25.4,.727,8.5,25.0,33.5,12.5,6.4,3.4,16.1,20.8
2017CINCINNATI,36,40.3,74.3,26.9,58.8,.458,7.3,21.3,.345,13.1,19.1,.686,11.7,24.2,35.9,15.5,7.2,4.9,10.0,15.8,36,40.3,61.3,21.3,54.9,.388,7.0,20.3,.344,11.8,16.0,.736,9.4,21.4,30.9,11.3,3.6,3.1,13.5,16.8
2017SOUTHERNMETHODIST,35,40.0,74.3,26.1,55.3,.472,8.2,20.1,.406,13.9,19.9,.696,11.5,25.8,37.3,16.2,5.7,3.3,10.7,14.4,35,40.0,60.0,21.3,55.1,.386,8.1,25.1,.321,9.4,13.5,.692,9.0,19.4,28.4,11.9,4.9,3.0,11.3,18.1
2017NIAGARA,33,40.5,74.2,25.6,61.7,.416,7.4,20.2,.366,15.5,20.7,.750,11.3,25.9,37.2,12.6,5.2,4.6,13.0,18.3,33,40.5,78.2,27.9,63.3,.441,8.1,22.2,.366,14.2,19.5,.729,11.0,26.0,37.0,15.4,5.9,4.1,11.8,19.2
2017YALE,29,40.2,74.2,26.5,56.7,.467,7.2,20.1,.357,14.0,19.1,.732,9.7,25.7,35.3,15.6,5.6,4.2,13.0,15.7,29,40.2,69.9,25.7,59.9,.429,7.5,22.9,.329,11.1,15.6,.711,9.6,22.4,32.0,13.3,6.6,3.6,11.7,17.4
2017RICHMOND,35,40.3,74.2,26.8,56.9,.471,7.7,22.7,.342,12.8,18.0,.713,6.3,23.6,29.9,16.9,6.6,1.9,11.4,18.1,35,40.3,72.0,25.4,57.5,.442,6.5,20.4,.321,14.6,19.9,.733,10.3,25.3,35.6,13.5,5.6,3.0,14.1,17.9
2017BRYANT,32,41.1,74.2,26.2,59.9,.437,7.4,21.9,.338,14.3,19.9,.720,9.9,24.4,34.3,14.4,6.8,2.2,13.4,21.3,32,41.1,77.4,26.9,59.5,.452,7.3,22.0,.332,16.4,22.3,.735,10.5,25.3,35.8,13.5,6.2,3.7,12.8,18.8
2017TOWSON,33,40.5,74.2,25.8,57.6,.447,4.7,15.1,.311,17.9,26.3,.682,12.8,25.4,38.2,10.5,6.8,3.6,12.9,20.8,33,40.5,69.2,22.4,53.6,.418,7.3,21.4,.340,17.1,24.8,.687,8.2,21.7,29.9,11.5,5.4,4.1,13.2,21.3
2017GEORGEMASON,34,40.7,74.1,25.9,57.7,.448,5.4,15.9,.336,17.0,22.8,.747,10.6,28.3,38.9,11.7,5.0,2.8,12.9,16.8,34,40.7,71.7,26.1,61.5,.425,7.4,22.5,.330,12.0,17.3,.697,8.7,23.1,31.7,13.6,6.1,4.0,10.1,18.9
2017TEXASSOUTHERN,35,40.3,74.1,24.7,57.6,.430,5.9,19.8,.296,18.7,25.5,.735,11.1,23.0,34.1,11.7,7.1,3.2,11.7,17.3,35,40.3,72.6,26.9,60.4,.445,5.6,17.2,.325,13.3,19.5,.683,11.9,24.1,36.0,12.9,5.2,3.4,13.3,21.2
2017GEORGETOWN,32,40.3,74.0,25.3,54.8,.461,6.4,18.4,.349,17.1,23.3,.732,8.8,25.5,34.3,15.0,5.5,4.6,14.2,21.0,32,40.3,72.2,24.9,59.2,.422,6.2,19.2,.324,16.1,23.0,.699,10.8,22.6,33.4,12.5,6.9,3.4,11.9,20.9
2017FURMAN,35,40.3,74.0,26.2,55.5,.473,9.1,23.7,.385,12.4,17.8,.697,8.8,24.7,33.4,15.0,7.0,2.3,12.9,17.5,35,40.3,66.3,23.2,54.8,.424,7.0,22.5,.312,12.9,18.4,.700,8.3,22.3,30.5,11.9,6.0,2.3,13.7,17.6
2017GEORGIAST,33,40.1,74.0,26.8,57.2,.469,7.5,20.9,.357,12.9,19.9,.647,9.8,24.4,34.2,12.1,7.2,4.2,14.0,20.4,33,40.2,70.1,23.0,55.9,.411,8.3,25.6,.324,15.8,22.2,.711,9.7,22.3,32.0,13.3,6.2,2.7,14.3,18.4
2017MEMPHIS,32,40.3,74.0,26.6,60.2,.442,5.7,19.2,.295,15.1,22.1,.683,11.2,24.3,35.5,15.9,6.9,4.7,11.5,16.7,32,40.3,70.7,24.8,58.7,.423,7.7,22.8,.337,13.4,19.5,.687,10.1,24.8,34.9,13.5,5.8,4.1,13.8,19.0
2017MARYLAND,33,40.2,73.9,25.1,55.8,.449,8.2,22.9,.359,15.5,22.2,.699,9.8,24.3,34.1,14.3,5.5,4.7,12.9,18.6,33,40.2,68.1,24.2,58.1,.416,6.4,19.0,.338,13.3,18.9,.705,10.9,23.1,34.0,11.2,6.1,3.6,12.6,19.6
2017DAVIDSON,32,40.3,73.8,25.4,58.2,.437,9.1,26.8,.341,13.8,18.3,.753,8.3,26.3,34.5,15.6,5.1,3.3,12.2,18.2,32,40.3,71.6,25.3,58.6,.432,7.5,19.8,.381,13.5,19.5,.690,9.3,25.9,35.3,13.0,6.7,3.4,12.1,18.1
2017HOUSTON,32,40.2,73.7,26.6,59.4,.447,8.4,21.3,.394,12.2,17.0,.717,10.9,23.4,34.3,12.7,5.3,3.5,9.8,18.8,32,40.2,64.9,21.9,53.7,.408,6.8,20.7,.329,14.3,19.8,.722,10.2,23.4,33.6,11.3,4.8,3.1,13.5,18.1
2017NEWMEXICO,31,40.2,73.6,25.1,54.6,.460,4.7,14.3,.327,18.8,25.2,.746,8.4,25.3,33.6,13.5,6.1,3.5,13.0,19.7,31,40.2,72.7,24.7,57.1,.433,8.4,22.8,.369,14.8,21.5,.690,9.5,23.3,32.8,14.1,7.5,3.3,13.2,21.0
2017RHODEISLAND,35,40.1,73.6,26.2,57.7,.454,6.2,18.6,.333,15.1,22.6,.668,11.2,24.7,35.9,13.3,6.5,5.9,11.1,20.7,35,40.1,65.4,21.8,53.6,.406,4.7,16.1,.295,17.1,24.1,.708,10.2,23.5,33.7,10.1,5.3,3.0,13.2,19.7
2017GRANDCANYON,31,40.3,73.6,25.5,58.5,.436,6.6,20.0,.331,16.0,24.1,.665,10.3,26.1,36.5,13.6,7.5,2.5,12.8,17.4,31,40.3,67.8,24.5,58.2,.420,6.6,20.4,.326,12.2,17.5,.697,9.3,25.3,34.6,12.1,6.6,3.2,15.1,21.4
2017APPALACHIANST,30,40.2,73.6,25.0,59.4,.421,8.4,24.7,.338,15.3,22.5,.681,10.5,25.6,36.1,13.8,5.6,3.0,13.8,21.4,30,40.2,76.0,26.3,57.3,.459,6.5,17.2,.376,17.0,24.6,.689,9.0,26.3,35.3,13.1,6.0,3.5,12.7,20.7
2017BOWLINGGREEN,32,40.5,73.6,26.0,61.2,.425,6.9,20.1,.342,14.7,22.1,.667,10.3,24.4,34.8,12.2,6.9,2.7,12.8,19.5,32,40.5,76.7,27.5,59.2,.464,7.2,21.1,.342,14.5,19.9,.727,9.2,27.3,36.5,13.1,6.3,3.9,14.6,20.7
2017FRESNOST,33,40.9,73.5,25.8,56.7,.455,6.3,18.0,.352,15.5,23.1,.672,9.1,25.6,34.7,12.5,8.4,3.8,13.4,21.8,33,40.9,70.2,22.9,55.1,.416,7.0,21.0,.332,17.4,24.5,.710,9.1,24.5,33.6,12.3,6.0,3.1,14.6,20.5
2017CALSTFULLERTON,32,41.1,73.5,25.7,57.8,.444,6.1,19.7,.311,16.0,23.3,.687,10.1,25.7,35.8,12.1,7.0,3.7,15.0,20.8,32,41.1,71.3,24.1,57.0,.423,6.6,20.0,.332,16.4,22.8,.722,8.8,24.0,32.8,12.0,6.1,3.3,14.3,20.1
2017VERMONT,35,40.0,73.5,26.9,54.5,.494,6.5,17.7,.369,13.0,18.6,.700,9.0,24.2,33.2,13.6,5.7,4.3,11.2,15.9,35,40.0,62.1,23.2,54.8,.423,5.7,17.0,.334,10.0,14.2,.705,8.1,20.9,29.0,10.4,5.3,2.7,13.0,18.4
2017LOYOLAIL,32,40.6,73.4,26.6,54.8,.486,8.1,20.8,.389,12.0,17.0,.709,6.2,23.8,30.0,14.8,6.8,2.4,11.8,17.0,32,40.6,66.8,23.9,53.6,.446,6.6,18.2,.364,12.3,17.3,.709,7.7,23.7,31.4,11.7,5.4,3.3,14.2,17.8
2017ARKANSASST,32,40.2,73.3,25.8,56.0,.461,6.9,18.1,.380,14.8,23.2,.638,9.8,24.7,34.5,12.4,5.4,2.6,12.9,20.4,32,40.1,69.1,23.8,54.8,.433,6.1,19.3,.316,15.5,22.7,.684,9.0,23.6,32.6,12.8,5.7,3.9,13.5,20.5
2017TEXASTECH,32,40.6,73.3,26.1,55.6,.470,6.6,18.0,.367,14.5,19.8,.733,8.9,23.0,31.9,13.3,5.3,3.1,11.1,17.6,32,40.6,67.1,22.8,52.8,.432,8.0,22.4,.355,13.4,18.8,.713,7.8,21.3,29.1,11.6,5.2,2.5,13.9,19.6
2017SETONHALL,33,40.5,73.2,26.4,59.1,.447,6.1,18.1,.338,14.3,22.2,.643,12.7,25.7,38.4,12.2,6.9,2.5,13.6,18.6,33,40.5,70.4,24.6,56.7,.433,6.5,19.0,.341,14.8,20.5,.719,8.3,23.4,31.7,12.1,7.0,3.5,12.3,19.5
2017SANJOSEST,30,40.2,73.2,25.7,58.3,.441,6.7,19.1,.348,15.0,21.4,.701,8.9,23.7,32.6,13.9,6.3,4.1,13.1,19.6,30,40.2,74.8,25.9,56.3,.460,6.4,18.4,.347,16.7,22.4,.747,7.7,25.8,33.5,13.0,6.0,3.0,13.9,19.5
2017SOUTHCAROLINA,37,40.7,73.1,24.9,59.4,.420,6.7,19.9,.337,16.5,23.6,.698,11.8,23.2,35.0,12.6,7.8,3.8,13.0,20.3,37,40.7,65.2,21.3,53.2,.401,5.6,18.6,.303,17.0,23.5,.724,10.4,23.7,34.1,9.8,6.0,3.8,16.9,21.0
2017BOSTONUNIVERSITY,32,40.6,73.1,25.5,57.6,.443,8.6,24.2,.354,13.5,19.3,.696,9.5,25.1,34.6,14.0,8.3,2.5,14.3,19.1,32,40.6,70.8,24.0,56.5,.425,8.6,23.6,.363,14.1,20.7,.684,9.7,24.6,34.3,13.8,7.0,3.3,14.3,17.4
2017IDAHO,33,40.9,73.1,24.5,56.6,.433,7.7,21.0,.367,16.3,22.6,.723,10.3,25.2,35.6,12.8,5.0,2.5,12.8,21.1,33,40.9,71.1,22.8,54.8,.415,8.4,23.9,.350,17.2,23.2,.741,8.4,23.5,31.8,12.0,5.4,3.2,12.3,20.2
2017AIRFORCE,33,40.5,73.1,24.8,56.8,.436,8.0,22.1,.363,15.5,21.7,.717,8.8,24.8,33.6,15.0,6.0,1.7,12.0,18.0,33,40.5,75.1,26.1,57.1,.457,9.7,26.7,.364,13.2,18.6,.710,7.8,25.2,33.0,15.6,6.0,3.4,12.3,20.7
2017UTAHST,32,40.2,73.0,25.9,55.6,.465,7.7,20.2,.379,13.6,19.5,.699,8.7,26.6,35.3,15.4,5.0,2.9,12.8,18.9,32,40.2,70.3,24.7,58.5,.422,7.4,22.3,.333,13.5,19.4,.697,9.2,23.8,33.0,13.9,6.3,3.0,11.3,17.9
2017OKLAHOMA,31,40.8,73.0,25.4,60.1,.423,6.2,18.0,.343,15.9,22.1,.721,10.9,25.4,36.3,10.6,6.9,4.7,13.8,19.4,31,40.8,74.2,26.0,60.4,.431,8.4,22.9,.365,13.8,20.2,.683,10.1,25.6,35.7,13.5,7.0,4.5,13.4,18.7
2017BAYLOR,35,40.0,72.9,26.3,55.9,.471,6.6,18.3,.359,13.7,18.9,.723,12.1,24.4,36.5,15.5,5.1,4.8,13.4,17.6,35,40.0,63.7,22.7,56.0,.405,6.3,19.6,.323,11.9,16.7,.713,9.7,18.4,28.0,13.2,5.4,3.6,11.3,18.4
2017PITTSBURGH,33,40.6,72.8,24.5,55.3,.442,8.0,22.1,.361,16.0,21.8,.733,9.1,25.2,34.3,14.3,3.8,3.4,11.9,16.6,33,40.6,74.7,27.6,61.5,.449,7.9,22.2,.356,11.6,16.4,.709,10.2,23.5,33.7,15.1,5.2,3.4,9.9,18.7
2017NEWORLEANS,32,40.6,72.8,25.9,54.8,.473,4.3,13.7,.317,16.6,23.4,.710,11.5,23.1,34.5,15.6,7.9,3.0,16.6,17.6,32,40.6,69.2,24.8,56.0,.442,6.5,20.7,.316,13.2,19.2,.687,11.3,20.3,31.6,12.7,8.4,3.3,16.5,21.3
2017MISSOURIST,33,40.8,72.8,25.4,57.4,.442,8.2,22.5,.363,13.8,19.8,.701,10.9,25.0,35.9,12.2,5.3,3.8,12.3,17.7,33,40.8,69.0,24.3,55.9,.434,6.8,19.9,.341,13.7,18.2,.750,7.6,22.3,29.9,13.2,5.9,2.6,11.4,18.6
2017OHIOST,32,40.2,72.8,25.8,55.8,.463,6.6,18.5,.356,14.5,21.3,.682,9.7,26.3,35.9,13.6,5.2,3.8,13.2,17.6,32,40.2,69.8,24.7,59.4,.416,8.7,24.4,.356,11.6,17.5,.664,10.3,23.6,33.8,13.0,4.9,3.1,11.8,19.2
2017FAIRLEIGHDICKINSON,30,40.2,72.8,25.1,57.1,.440,6.7,20.2,.332,15.8,20.7,.765,8.9,22.6,31.4,12.2,6.3,2.6,13.3,21.2,30,40.2,75.0,25.6,56.8,.451,6.7,19.7,.342,17.0,24.5,.695,10.9,24.5,35.4,14.6,6.2,2.5,13.6,18.8
2017SACREDHEART,32,40.8,72.7,26.0,58.8,.442,6.3,18.7,.335,14.4,20.6,.701,10.8,25.7,36.6,14.3,6.8,2.7,16.2,19.3,32,40.7,76.1,27.2,59.2,.460,8.1,21.3,.379,13.6,19.7,.691,9.2,24.8,34.0,12.7,8.2,4.1,14.2,20.1
2017COASTALCAROLINA,39,40.3,72.6,26.2,61.9,.423,8.2,24.7,.330,12.1,18.4,.658,11.3,27.2,38.5,12.0,6.1,2.8,13.0,18.2,39,40.3,73.3,25.1,60.1,.417,9.5,28.2,.336,13.6,19.3,.707,9.6,26.3,35.9,13.1,5.9,3.4,11.9,17.9
2017ARMYWESTPOINT,32,40.5,72.6,26.3,59.6,.442,9.1,25.8,.353,10.9,16.7,.655,9.4,27.5,36.9,16.2,5.6,1.9,15.2,19.4,32,40.5,73.1,26.2,59.6,.440,6.9,20.8,.330,13.8,20.0,.690,8.3,25.7,34.0,13.6,7.5,3.8,12.7,17.1
2017FAIRFIELD,31,40.3,72.6,26.5,60.0,.442,8.5,25.2,.335,11.1,16.3,.682,8.4,26.4,34.7,15.0,5.4,3.0,13.4,18.3,31,40.3,73.5,26.8,61.0,.439,6.8,20.5,.331,13.2,19.5,.677,10.0,26.9,37.0,12.6,6.5,2.5,12.7,17.0
2017NJIT,31,40.2,72.6,25.4,59.9,.423,8.3,25.0,.333,13.6,19.3,.703,10.9,24.8,35.7,12.7,6.5,2.9,14.1,19.3,31,40.1,74.8,26.3,57.2,.459,8.2,21.8,.375,14.1,20.1,.703,7.8,24.7,32.5,14.2,6.3,2.9,13.5,18.9
2017COLORADOST,36,40.0,72.5,24.4,57.5,.425,7.1,21.1,.339,16.6,22.6,.731,10.9,26.3,37.1,11.0,6.1,3.4,10.9,17.2,36,40.0,68.0,23.9,58.8,.407,7.6,23.8,.317,12.6,18.4,.686,10.2,23.9,34.1,11.6,5.5,3.0,11.8,19.9
2017BOSTONCOLLEGE,32,40.0,72.5,26.3,58.8,.448,8.0,21.4,.374,11.8,17.4,.680,8.5,25.1,33.6,14.8,5.6,2.7,14.6,18.7,32,40.0,78.4,27.0,57.5,.470,7.2,20.2,.354,17.2,22.8,.756,7.4,25.9,33.3,15.7,7.7,3.8,12.0,16.5
2017MISSISSIPPIST,32,40.2,72.5,25.7,57.8,.444,7.7,22.2,.347,13.5,19.6,.687,9.2,25.2,34.3,12.1,7.5,4.1,13.5,19.9,32,40.2,71.3,24.8,57.9,.428,6.2,19.8,.315,15.6,21.9,.709,10.4,25.2,35.6,11.7,5.1,3.4,14.4,17.5
2017TENNESSEETECH,32,40.6,72.4,24.5,58.1,.422,7.5,23.2,.325,15.8,22.3,.708,10.6,23.8,34.3,13.6,6.7,3.7,13.6,21.1,32,40.6,73.1,24.6,56.8,.434,7.8,22.6,.344,16.1,21.8,.739,10.2,25.5,35.6,14.7,5.8,3.4,14.4,20.3
2017WISCONSIN,37,40.5,72.4,26.2,57.7,.455,7.6,21.3,.359,12.2,19.0,.644,11.6,24.0,35.6,13.6,6.7,3.5,11.1,16.3,37,40.5,62.4,22.2,53.9,.412,6.8,18.0,.376,11.2,15.1,.739,7.9,21.8,29.8,10.2,5.3,3.1,12.8,18.4
2017NORTHERNILLINOIS,32,40.9,72.2,25.9,59.1,.438,5.0,16.1,.312,15.4,22.8,.677,12.1,24.8,36.8,10.8,7.1,2.5,13.4,19.3,32,40.9,70.7,24.3,55.8,.435,8.0,23.1,.347,14.1,21.1,.668,9.4,24.1,33.5,13.8,5.9,3.2,14.5,20.6
2017KANSASST,35,40.1,72.1,24.8,53.8,.461,7.1,19.5,.362,15.4,22.1,.694,8.7,22.5,31.1,14.9,7.7,3.7,12.9,18.0,35,40.2,67.8,23.6,54.9,.431,7.1,18.7,.382,13.4,18.3,.729,10.3,22.0,32.3,13.1,6.3,3.3,14.7,19.5
2017NORTHEASTERN,31,40.5,72.1,24.7,54.3,.456,8.6,23.5,.367,14.0,20.5,.681,7.8,24.5,32.3,13.4,5.5,3.6,12.6,16.8,31,40.5,71.9,26.0,57.2,.455,7.6,20.8,.364,12.4,17.7,.696,8.8,24.1,32.9,13.7,5.8,3.6,11.7,18.4
2017SAINTMARYS,34,40.0,72.0,26.2,52.9,.496,8.6,21.9,.394,10.9,14.7,.745,9.2,25.7,35.0,16.6,4.2,3.2,10.7,15.1,34,40.0,57.5,21.7,52.7,.412,4.4,14.6,.300,9.7,14.0,.691,6.8,18.7,25.5,8.7,5.6,2.4,9.7,16.1
2017MICHIGANST,35,40.1,71.9,25.9,55.1,.470,7.8,20.9,.373,12.3,18.4,.670,9.1,26.4,35.5,16.9,4.3,4.6,14.0,20.0,35,40.1,68.7,23.8,57.9,.410,6.5,18.9,.346,14.6,20.1,.726,9.5,22.3,31.8,12.7,6.0,3.0,11.4,18.8
2017WESTERNILLINOIS,28,40.9,71.9,25.4,58.3,.435,9.1,23.4,.388,12.0,17.0,.707,6.6,26.8,33.4,13.4,4.6,4.4,13.2,19.5,28,40.9,76.8,26.0,59.7,.436,7.6,18.8,.406,17.1,23.4,.730,8.3,28.4,36.6,13.4,6.5,2.6,10.4,17.3
2017HARVARD,28,40.0,71.9,25.0,55.9,.447,8.2,23.0,.355,13.8,18.5,.743,9.6,25.0,34.6,14.4,6.3,4.8,13.2,18.9,28,40.0,65.8,22.6,55.0,.412,6.0,19.2,.313,14.5,21.3,.681,9.9,23.4,33.2,12.2,6.6,2.5,12.9,17.6
2017COLUMBIA,27,40.4,71.9,25.9,59.4,.437,7.8,21.6,.361,12.2,17.2,.708,9.5,24.4,33.9,15.5,7.0,2.9,12.7,18.7,27,40.4,72.7,24.9,57.4,.434,9.3,25.8,.361,13.6,19.9,.685,11.0,25.4,36.4,15.4,5.9,3.7,14.0,18.0
2017MASSACHUSETTS,33,40.0,71.8,25.7,58.8,.437,7.1,23.9,.297,13.4,20.3,.660,9.4,25.3,34.7,16.0,7.6,5.1,14.8,21.9,33,40.0,71.9,23.7,57.5,.413,6.4,18.6,.345,18.0,25.6,.704,10.5,25.5,36.0,13.7,6.7,2.9,14.4,18.3
2017UAB,33,40.3,71.8,25.3,54.8,.462,6.2,17.7,.348,15.0,20.4,.736,9.2,25.4,34.5,15.2,4.8,4.8,13.5,16.0,33,40.3,70.2,25.3,58.8,.431,7.6,22.2,.342,11.9,17.2,.692,9.6,21.9,31.5,12.7,6.6,3.0,11.2,18.0
2017FLORIDAAM,30,40.7,71.8,25.4,60.0,.423,6.2,17.9,.348,14.7,22.4,.659,9.6,24.0,33.6,12.6,6.6,3.3,13.7,18.9,30,40.7,78.8,27.9,61.1,.456,9.0,24.9,.362,14.1,20.9,.676,11.6,28.3,39.9,14.4,6.8,2.8,13.9,20.0
2017PENNST,33,40.7,71.7,25.0,60.3,.414,7.0,20.6,.339,14.8,19.8,.745,9.4,25.1,34.5,13.7,6.8,5.5,13.0,18.1,33,40.8,72.7,25.9,60.3,.430,7.5,20.5,.363,13.4,18.8,.713,10.4,27.0,37.4,13.4,6.5,4.2,14.3,18.5
2017CAMPBELL,37,40.3,71.7,24.6,53.8,.456,7.9,21.6,.368,14.6,19.5,.751,7.3,24.4,31.8,11.7,6.6,4.0,12.9,17.9,37,40.3,70.4,24.2,55.6,.436,6.6,19.6,.337,15.4,21.4,.716,9.2,23.5,32.7,12.5,6.9,2.5,12.4,17.1
2017ILLINOIS,35,40.1,71.7,25.7,57.7,.445,7.7,20.9,.369,12.6,18.4,.687,9.1,24.6,33.8,13.5,5.6,2.4,12.4,18.3,35,40.1,69.1,24.8,57.2,.434,7.0,21.0,.334,12.4,17.1,.727,8.3,23.8,32.1,11.3,5.3,2.8,13.2,18.6
2017PRINCETON,30,40.2,71.6,25.7,57.2,.450,9.9,26.3,.378,10.2,13.9,.738,7.7,24.5,32.2,14.2,6.7,3.1,9.9,16.1,30,40.2,61.4,21.7,52.3,.416,6.5,19.6,.332,11.5,16.6,.689,7.6,24.7,32.3,10.6,4.5,2.6,13.0,15.3
2017GEORGIA,34,40.3,71.6,24.6,56.0,.439,5.1,15.8,.325,17.3,22.9,.757,9.0,26.7,35.6,12.6,5.4,3.7,13.0,18.6,34,40.3,70.4,24.5,59.6,.411,7.2,21.6,.335,14.2,20.4,.698,10.1,23.4,33.5,11.6,6.4,3.5,11.8,20.2
2017SANFRANCISCO,33,40.0,71.6,26.3,58.6,.449,9.1,25.9,.350,9.9,15.6,.636,8.8,25.8,34.6,13.0,6.7,2.8,12.6,19.4,33,40.0,67.3,24.0,56.9,.422,6.3,18.7,.335,13.0,19.0,.685,9.0,24.9,33.8,11.4,5.3,3.8,13.5,17.0
2017NORTHERNCOLORADO,29,40.4,71.6,25.2,57.4,.439,8.8,25.2,.347,12.3,20.3,.605,9.9,26.1,36.0,13.5,5.1,2.2,14.0,19.4,29,40.3,74.7,26.3,57.8,.455,7.7,21.8,.352,14.4,20.3,.713,8.3,26.6,34.9,12.4,6.2,3.6,13.3,19.8
2017GRAMBLINGST,33,40.6,71.5,25.5,58.9,.433,5.6,17.6,.317,15.0,22.6,.663,11.2,21.0,32.2,11.2,8.8,2.3,13.6,19.9,33,40.6,73.1,25.3,53.4,.474,7.4,20.0,.371,15.1,22.3,.678,10.5,25.7,36.2,14.0,6.0,3.5,16.5,19.9
2017CORNELL,29,40.2,71.5,25.7,56.8,.453,8.4,24.8,.339,11.7,16.7,.698,7.1,25.6,32.7,14.4,5.2,2.7,14.4,18.2,29,40.2,77.2,27.8,61.0,.456,7.4,20.9,.354,14.1,19.2,.737,9.1,25.6,34.7,14.0,7.6,3.5,11.5,16.7
2017SOUTHERN,33,40.2,71.5,25.0,57.2,.437,4.9,15.5,.320,16.6,23.8,.696,11.5,25.1,36.6,11.6,5.6,3.7,13.6,19.2,33,40.2,72.7,25.7,60.2,.427,6.2,19.8,.315,15.0,22.5,.667,12.3,22.9,35.2,11.2,5.8,4.0,12.6,19.1
2017CALSTBAKERSFIELD,35,40.7,71.5,25.6,58.2,.440,6.5,18.6,.351,13.8,21.6,.640,11.7,25.4,37.2,14.5,8.2,3.9,14.8,22.7,35,40.7,63.9,19.9,53.5,.372,6.9,21.8,.318,17.2,24.9,.691,10.6,23.6,34.3,11.0,6.1,3.4,16.8,19.6
2017SOUTHALABAMA,32,40.6,71.4,24.8,58.1,.427,7.0,21.9,.318,14.8,22.7,.655,10.1,23.7,33.8,12.8,7.5,3.7,13.1,20.4,32,40.6,72.6,24.8,56.0,.442,7.4,21.3,.348,15.6,22.4,.697,10.1,26.6,36.7,13.6,5.4,3.3,16.2,20.3
2017MARYLANDEASTERNSHORE,34,40.6,71.4,25.1,59.2,.424,7.7,22.5,.342,13.4,19.6,.684,9.6,22.6,32.2,13.2,5.6,2.6,12.9,19.6,34,40.6,76.0,25.9,57.0,.454,7.7,21.9,.353,16.5,23.4,.708,11.1,26.2,37.3,14.7,5.5,3.4,14.1,18.4
2017ALBANY,35,40.0,71.3,25.9,55.5,.467,5.5,14.7,.372,14.0,18.5,.757,10.1,24.7,34.7,12.7,5.1,1.7,11.9,17.6,35,40.0,65.7,23.1,53.5,.431,7.9,23.1,.341,11.7,16.5,.708,7.2,20.6,27.8,12.6,5.6,4.1,11.4,18.0
2017DRAKE,31,40.5,71.2,24.5,59.9,.409,8.7,25.2,.345,13.5,17.8,.756,9.6,24.2,33.8,13.0,6.1,2.4,12.5,18.2,31,40.5,77.1,27.9,60.6,.461,8.4,22.6,.369,12.9,18.5,.695,10.5,26.8,37.4,13.9,6.8,4.2,12.4,17.0
2017LONGISLAND,32,40.5,71.2,25.1,57.7,.435,5.8,16.7,.345,15.3,22.2,.687,12.5,25.0,37.5,10.9,5.8,3.3,14.4,20.0,32,40.5,69.3,23.9,56.1,.427,6.9,19.8,.351,14.5,20.6,.704,9.7,22.2,31.8,12.1,6.2,3.9,13.3,20.1
2017NEWHAMPSHIRE,32,40.6,71.2,24.5,55.8,.438,8.0,22.7,.352,14.2,19.6,.725,9.5,27.6,37.1,12.4,4.0,1.8,12.5,15.8,32,40.6,66.2,24.6,57.8,.426,6.7,20.8,.322,10.3,16.4,.630,7.4,23.8,31.2,11.1,6.2,2.9,10.4,18.4
2017TENNESSEEST,30,40.7,71.1,24.8,56.0,.443,5.7,16.7,.339,15.9,22.9,.692,11.7,24.7,36.4,11.3,6.7,3.4,15.0,21.1,30,40.7,67.7,21.2,52.2,.407,8.3,23.7,.348,17.0,24.6,.692,9.2,22.6,31.8,12.8,5.6,3.0,15.6,21.2
2017VANDERBILT,35,40.1,71.1,23.3,54.2,.430,9.9,26.3,.376,14.7,18.9,.777,7.4,25.4,32.8,12.9,4.2,3.8,12.3,16.6,35,40.1,68.1,24.6,57.9,.425,6.5,19.1,.338,12.4,17.8,.699,9.3,24.4,33.6,11.4,5.5,3.0,10.9,16.8
2017SACRAMENTOST,31,40.7,71.1,26.1,56.7,.459,5.2,16.3,.316,13.8,21.2,.651,9.3,25.1,34.4,13.2,4.7,4.4,11.6,18.3,31,40.9,74.4,26.7,59.1,.452,7.6,20.0,.380,13.4,18.9,.710,9.3,24.7,34.0,14.4,5.6,2.9,10.7,19.2
2017BETHUNECOOKMAN,32,41.1,71.1,26.3,63.2,.415,7.1,22.3,.320,11.5,17.3,.662,12.3,22.6,34.8,14.0,7.7,3.0,12.9,20.1,32,41.1,77.8,27.7,59.0,.469,7.0,21.0,.335,15.4,22.9,.673,11.9,27.0,38.8,16.5,5.8,3.8,14.7,16.3
2017NORTHWESTERN,36,40.0,71.1,25.4,58.1,.436,7.1,20.7,.342,13.3,17.7,.748,9.9,24.7,34.6,15.0,5.3,4.9,10.6,19.2,36,40.0,65.5,22.7,56.3,.403,6.5,19.4,.333,13.6,20.3,.669,10.7,23.5,34.2,11.9,5.7,3.9,11.8,17.8
2017TEMPLE,32,40.5,71.0,25.3,59.9,.422,9.0,25.2,.356,11.5,15.9,.722,9.3,23.7,33.0,14.5,6.5,4.0,11.4,18.3,32,40.5,71.2,25.2,58.6,.430,7.1,20.6,.343,13.7,18.8,.727,10.9,26.1,37.0,13.7,5.4,3.9,12.4,15.2
2017SOUTHEASTERNLOUISIANA,32,40.0,70.9,24.9,55.3,.450,6.7,18.5,.363,14.4,21.1,.683,11.3,23.5,34.8,14.2,6.8,3.3,16.0,19.3,32,40.0,68.2,23.5,54.6,.430,6.3,18.4,.342,14.9,21.3,.697,9.4,21.5,30.9,11.8,6.3,4.0,15.2,20.6
2017EASTERNKENTUCKY,31,40.8,70.9,24.2,56.5,.428,7.6,23.6,.321,14.9,21.1,.705,8.5,23.2,31.7,13.6,6.0,3.6,13.8,20.0,31,40.8,75.2,25.3,57.1,.444,7.2,20.7,.349,17.3,23.7,.730,10.9,25.6,36.5,14.1,7.4,3.1,13.7,19.5
2017MERCER,32,40.5,70.8,24.6,55.4,.444,7.6,21.8,.350,14.0,17.9,.782,10.6,24.4,35.0,13.5,4.2,2.3,11.5,17.1,32,40.5,68.3,23.0,55.3,.415,8.5,24.7,.344,13.8,18.5,.747,9.5,20.7,30.2,13.4,5.6,3.3,10.2,18.5
2017MANHATTAN,32,40.8,70.6,23.6,56.7,.416,6.5,19.9,.329,16.9,23.2,.729,10.4,23.3,33.7,10.9,7.0,3.2,16.4,24.7,32,40.8,77.7,24.9,55.0,.453,7.0,17.8,.392,20.9,29.4,.712,9.8,23.9,33.7,15.0,6.5,3.9,15.0,21.4
2017DUQUESNE,32,40.0,70.5,24.5,57.3,.428,7.1,21.2,.334,14.4,21.3,.676,9.9,25.3,35.2,12.5,4.9,4.0,14.2,18.5,32,40.0,74.3,26.3,60.2,.438,7.4,20.7,.359,14.2,20.0,.707,10.6,25.7,36.3,15.9,5.9,4.8,12.7,19.2
2017MCNEESEST,29,40.2,70.4,24.7,58.5,.421,6.7,20.3,.332,14.4,21.0,.685,9.1,23.3,32.4,10.4,5.5,3.1,13.9,19.8,29,40.2,79.0,27.4,61.2,.449,6.8,19.4,.349,17.4,24.2,.718,12.8,27.3,40.1,14.8,6.3,3.2,13.3,19.6
2017LOYOLAMARYMOUNT,30,40.2,70.4,26.0,58.5,.444,7.2,20.5,.353,11.3,18.2,.620,10.3,22.4,32.7,14.8,7.6,4.0,13.2,20.3,30,40.2,70.8,23.9,53.3,.449,6.6,18.9,.347,16.4,22.9,.715,9.2,23.9,33.1,14.4,6.2,3.5,14.7,18.6
2017WASHINGTONST,31,40.2,70.3,25.8,56.1,.461,6.7,18.5,.364,11.9,15.7,.756,6.2,24.8,31.0,14.6,4.2,2.7,12.5,16.2,31,40.4,76.9,28.5,62.2,.458,8.0,23.0,.350,11.8,17.0,.694,9.7,25.4,35.1,14.6,5.7,2.9,10.4,16.6
2017TULANE,31,40.5,70.3,24.2,59.9,.405,7.1,22.0,.324,14.7,20.5,.717,10.3,22.5,32.8,12.8,6.2,3.8,13.5,20.8,31,40.5,78.5,27.2,57.7,.471,7.6,19.9,.381,16.5,23.5,.703,10.4,26.2,36.5,13.7,6.2,3.7,13.9,18.3
2017MIAMIOH,32,40.3,70.3,24.6,56.7,.434,6.2,20.2,.308,14.9,21.5,.691,8.7,24.1,32.8,11.4,7.4,3.9,14.6,20.1,32,40.3,74.5,24.9,57.6,.432,8.5,24.4,.347,16.3,22.2,.735,10.3,26.5,36.8,12.3,8.1,3.6,15.1,20.0
2017PROVIDENCE,33,40.2,70.3,24.4,54.4,.448,7.2,19.5,.371,14.3,20.7,.691,8.2,23.8,32.0,14.3,6.6,3.0,12.5,17.2,33,40.2,66.9,24.5,55.8,.440,6.3,19.1,.328,11.5,17.0,.676,9.2,24.1,33.3,11.9,6.2,2.9,13.7,19.1
2017FLORIDAATLANTIC,30,40.5,70.3,25.2,61.3,.411,6.8,21.3,.319,13.1,18.6,.703,10.0,24.2,34.2,12.3,5.7,3.1,11.7,19.0,30,40.5,74.0,26.6,59.1,.451,6.3,17.3,.365,14.5,20.8,.696,10.5,27.8,38.3,11.3,5.9,3.1,12.9,17.2
2017FLORIDAINTERNATIONAL,31,41.0,70.3,26.0,57.2,.454,5.8,17.6,.332,12.5,16.6,.750,9.4,22.8,32.3,11.2,6.0,2.2,13.2,18.5,31,41.0,73.6,26.1,56.1,.465,6.9,19.5,.354,14.5,20.0,.726,8.8,22.4,31.2,13.7,6.6,3.9,11.6,15.9
2017TEXASAM,31,40.0,70.2,25.9,56.6,.458,6.1,18.5,.329,12.2,18.8,.649,12.2,25.3,37.5,15.8,6.0,5.6,14.2,16.5,31,40.0,67.8,23.8,59.0,.404,8.0,22.8,.352,12.1,16.6,.730,10.6,20.9,31.6,13.7,6.6,3.4,11.6,17.4
2017UCDAVIS,36,40.4,70.1,24.3,55.8,.435,6.1,17.6,.348,15.5,23.0,.674,9.1,24.5,33.6,12.8,5.6,3.3,14.3,19.1,36,40.4,69.6,24.7,57.9,.426,7.0,21.3,.329,13.2,18.5,.713,9.3,23.9,33.3,13.3,6.9,3.4,13.9,21.1
2017INDIANAST,31,41.1,70.0,24.6,59.1,.416,8.2,23.5,.349,12.6,18.6,.681,7.6,26.7,34.3,13.5,6.6,4.1,12.9,21.3,31,41.1,72.7,24.5,58.3,.419,6.7,18.1,.373,17.1,24.7,.692,10.3,29.3,39.6,11.9,5.6,4.2,13.1,17.6
2017NEBRASKA,31,40.6,69.9,25.6,61.5,.416,5.8,18.1,.320,13.0,18.3,.710,12.8,24.6,37.5,11.4,6.8,3.7,13.2,18.6,31,40.6,73.0,26.0,58.1,.447,7.7,19.4,.399,13.4,19.1,.698,9.9,25.2,35.1,13.3,6.2,4.8,13.6,18.2
2017GEORGEWASHINGTON,35,40.0,69.9,23.5,55.4,.424,7.9,21.2,.371,15.1,20.3,.745,10.9,24.6,35.5,13.3,5.5,3.9,12.9,15.5,35,40.0,69.7,25.8,58.0,.445,6.7,18.8,.354,11.3,15.6,.727,8.3,22.4,30.7,14.5,6.9,3.2,11.1,18.2
2017SOUTHCAROLINAST,31,40.3,69.9,25.7,59.7,.430,6.0,18.6,.320,12.6,18.2,.691,9.6,21.0,30.6,12.3,5.0,2.1,12.3,19.2,31,40.3,80.2,28.6,59.1,.484,7.0,20.4,.345,16.0,22.5,.713,11.2,25.9,37.1,14.4,4.5,3.7,12.5,17.1
2017UCIRVINE,36,40.3,69.8,25.4,57.3,.444,7.4,20.4,.361,11.6,17.0,.686,10.3,27.7,37.9,12.8,4.9,4.3,13.4,20.8,36,40.3,64.8,21.6,56.5,.383,6.1,18.9,.324,15.3,21.9,.700,9.1,22.6,31.7,11.3,5.6,2.7,10.6,17.7
2017NORFOLKST,34,40.6,69.8,24.3,57.3,.424,6.6,19.5,.339,14.6,21.4,.681,10.4,27.0,37.4,11.0,5.1,5.3,14.8,20.7,34,40.6,71.5,24.2,59.5,.406,7.8,23.1,.339,15.3,23.4,.654,10.9,24.8,35.7,13.7,5.9,3.8,12.0,19.2
2017IDAHOST,31,40.3,69.8,23.9,55.1,.434,7.6,21.3,.359,14.3,20.9,.684,7.0,21.4,28.4,10.2,7.2,2.4,13.5,18.6,31,40.3,80.2,28.4,58.9,.481,9.3,23.5,.396,14.2,19.7,.720,9.8,26.3,36.1,14.6,6.6,3.3,12.8,19.1
2017MISSISSIPPIVALLEYST,32,40.5,69.8,25.6,60.7,.421,5.4,15.9,.343,13.2,20.3,.650,11.6,22.0,33.6,11.7,6.8,1.9,14.3,19.5,32,40.5,83.3,29.2,59.7,.490,8.9,23.5,.381,15.9,22.6,.705,10.7,26.8,37.5,16.3,7.4,3.7,14.7,18.8
2017STANFORD,31,40.2,69.7,24.9,56.5,.440,5.1,15.8,.320,14.9,21.8,.682,9.7,23.7,33.4,13.6,6.8,2.5,12.9,19.5,31,40.2,71.1,24.2,54.5,.444,8.3,21.8,.382,14.3,20.6,.694,8.5,23.4,31.9,14.2,6.2,3.7,14.4,18.9
2017SEATTLE,30,40.8,69.7,23.8,54.9,.433,8.7,25.2,.343,13.5,19.1,.707,6.7,25.7,32.4,15.9,6.6,2.1,14.5,18.9,30,40.8,71.4,24.2,60.1,.403,8.3,26.3,.315,14.6,20.2,.723,10.9,25.9,36.8,15.7,7.5,3.4,13.8,19.3
2017JACKSONVILLEST,35,40.3,69.5,24.5,53.4,.459,7.4,19.6,.377,13.2,18.5,.714,9.6,24.6,34.1,14.1,4.5,3.8,13.6,17.9,35,40.3,67.9,23.3,55.9,.417,7.7,20.5,.374,13.7,18.9,.721,9.7,21.1,30.8,11.4,6.0,3.0,11.1,17.9
2017SAINTJOSEPHS,31,40.3,69.5,24.4,58.3,.418,5.6,17.3,.324,15.2,23.4,.650,10.9,24.8,35.7,11.4,4.8,3.4,12.0,17.6,31,40.3,73.1,25.1,57.9,.434,9.1,26.0,.349,13.7,18.8,.729,8.6,26.3,34.9,14.6,5.6,3.0,12.4,20.4
2017MARIST,32,40.3,69.5,23.4,54.6,.429,7.7,23.0,.333,15.0,20.7,.725,6.5,23.0,29.5,11.0,4.6,2.6,12.8,19.6,32,40.3,79.1,27.5,59.7,.460,7.8,20.7,.377,16.3,22.1,.738,11.0,26.2,37.3,14.8,6.4,3.1,11.0,19.2
2017ALCORNST,32,40.1,69.4,25.0,58.3,.429,6.9,20.9,.332,12.5,19.1,.652,11.5,25.8,37.3,13.3,6.5,3.5,14.1,19.1,32,40.2,68.0,24.0,57.4,.418,5.7,18.5,.306,14.3,22.1,.648,10.7,24.3,35.0,13.3,6.9,2.6,13.3,17.3
2017STEPHENFAUSTIN,33,40.3,69.4,23.7,53.1,.447,5.8,18.3,.319,16.1,22.3,.721,11.0,22.2,33.2,12.4,6.8,3.0,17.5,21.7,33,40.2,68.8,23.4,51.9,.451,6.3,17.9,.351,15.7,23.1,.680,8.8,20.8,29.6,12.1,7.2,3.1,16.5,20.4
2017EVANSVILLE,33,40.5,69.3,24.2,53.4,.454,3.8,10.5,.366,17.0,23.8,.713,8.3,24.7,33.0,13.4,5.2,3.0,11.8,20.0,33,40.5,68.5,23.0,54.5,.421,7.3,21.6,.339,15.2,21.6,.706,8.9,23.5,32.4,12.7,5.5,4.7,12.7,20.7
2017HAMPTON,31,40.3,69.3,24.2,59.5,.407,6.3,20.0,.316,14.5,20.4,.712,11.3,24.4,35.6,11.7,4.9,3.6,14.0,20.4,31,40.3,71.6,24.2,55.8,.434,7.1,19.6,.360,16.1,23.6,.679,9.4,24.9,34.3,10.7,5.6,3.2,14.8,18.7
2017NORTHERNARIZONA,32,40.2,69.3,24.0,59.1,.406,7.5,23.3,.320,13.8,20.2,.684,11.3,25.4,36.7,13.8,4.5,2.0,14.5,18.4,32,40.4,76.4,27.5,60.1,.458,7.9,23.6,.336,13.4,19.4,.691,9.0,25.7,34.8,14.4,6.9,3.2,12.1,19.8
2017UTEP,32,40.6,69.3,25.4,54.1,.469,5.6,16.2,.348,12.9,19.5,.662,6.9,26.5,33.4,14.5,5.4,3.1,13.3,19.3,32,40.6,68.8,23.3,55.3,.421,7.6,22.4,.338,14.6,21.6,.677,8.3,24.6,32.9,13.5,5.8,2.0,12.3,19.0
2017ABILENECHRISTIAN,29,40.7,69.3,24.9,53.6,.464,7.1,19.0,.376,12.4,18.8,.662,7.2,22.8,30.0,14.1,7.2,2.9,14.2,21.8,29,40.7,71.5,24.4,53.7,.455,7.2,20.0,.361,15.4,23.1,.666,9.7,24.3,34.0,13.6,6.1,3.0,14.7,17.3
2017NORTHTEXAS,30,40.2,69.2,24.7,58.2,.424,6.2,19.4,.320,13.6,21.1,.646,9.2,25.0,34.3,11.3,6.6,3.2,13.7,18.9,30,40.1,75.3,26.1,60.5,.432,7.7,22.6,.341,15.3,20.5,.746,11.1,26.8,37.9,13.8,6.9,3.6,12.9,18.3
2017STONYBROOK,32,40.0,69.2,23.7,58.7,.404,7.8,23.9,.327,13.9,19.3,.722,10.7,22.9,33.6,12.2,5.4,3.2,10.2,19.4,32,40.0,68.9,23.3,53.2,.439,7.3,19.3,.375,14.9,21.3,.701,9.0,25.5,34.5,11.3,4.4,2.3,13.2,19.5
2017MISSOURI,32,40.3,69.2,23.3,59.2,.393,7.0,23.1,.304,15.6,22.9,.683,10.7,24.8,35.5,12.1,6.3,2.1,12.0,20.2,32,40.3,72.9,24.3,56.9,.428,7.7,22.5,.344,16.5,24.2,.681,10.1,27.6,37.7,12.4,5.3,4.5,13.7,20.9
2017ILLINOISST,35,40.1,69.1,24.7,56.3,.439,8.4,22.8,.369,11.3,16.9,.664,9.9,25.6,35.5,13.8,7.1,4.9,12.2,17.7,35,40.1,61.3,20.9,55.3,.379,7.0,21.4,.328,12.4,17.9,.692,9.7,23.2,33.0,11.1,5.8,2.6,12.6,16.5
2017PEPPERDINE,31,40.0,69.0,26.0,58.4,.446,5.7,15.5,.369,11.2,17.5,.641,8.9,23.3,32.2,13.5,5.1,2.7,12.5,17.1,31,40.0,80.3,29.4,60.5,.486,9.4,22.5,.418,12.2,17.3,.707,9.2,26.0,35.2,16.5,6.2,3.8,10.9,18.3
2017WESTERNKENTUCKY,32,40.0,69.0,24.3,55.2,.440,6.7,18.9,.353,13.8,20.5,.671,9.0,24.8,33.8,12.4,4.5,3.3,12.1,14.8,32,40.0,71.9,26.7,59.0,.452,8.3,22.6,.368,10.3,14.6,.707,8.8,24.8,33.6,14.8,5.4,2.9,10.4,17.9
2017MIAMIFL,33,40.1,69.0,24.6,54.5,.452,6.3,17.8,.356,13.4,18.7,.718,10.2,23.9,34.1,11.8,6.5,3.8,12.6,15.6,33,40.2,64.1,23.1,55.1,.419,6.3,19.1,.330,11.7,15.8,.739,8.9,21.3,30.2,12.0,6.0,3.1,12.0,16.8
2017COLLEGEOFCHARLESTON,35,40.1,69.0,23.0,53.2,.432,6.3,19.1,.328,16.8,22.8,.736,7.9,24.8,32.7,10.1,5.5,3.3,10.4,17.3,35,40.1,64.6,23.2,55.5,.419,6.5,21.3,.308,11.6,17.5,.662,9.5,24.6,34.1,11.2,3.9,3.3,12.3,19.3
2017PRAIRIEVIEWAM,33,40.3,69.0,23.9,55.7,.428,7.2,20.5,.350,14.0,20.0,.703,8.2,21.4,29.6,12.2,8.3,3.6,13.2,21.2,33,40.3,73.3,24.4,53.2,.459,6.5,18.5,.349,18.0,26.1,.690,11.0,25.9,36.9,12.9,5.4,3.8,15.5,17.5
2017DEPAUL,32,40.2,68.9,24.2,56.4,.430,5.8,17.6,.326,14.8,20.1,.735,10.1,21.9,31.9,11.4,6.7,2.9,14.1,19.8,32,40.2,74.6,25.4,54.5,.466,7.9,21.9,.361,16.0,21.9,.730,9.2,24.3,33.5,15.4,6.4,3.3,13.8,19.3
2017PENNSYLVANIA,28,40.2,68.9,25.4,57.3,.443,8.4,24.6,.339,9.8,14.9,.657,8.9,24.8,33.6,14.3,6.5,3.6,12.8,17.9,28,40.2,68.0,23.2,55.8,.416,7.9,22.0,.360,13.6,18.7,.729,10.0,24.9,34.9,12.7,5.7,3.0,13.5,16.0
2017UNLV,32,40.5,68.8,23.3,59.2,.395,6.7,20.8,.320,15.5,22.2,.696,10.8,25.5,36.3,12.9,5.9,2.7,12.7,16.8,32,40.5,75.2,27.6,61.2,.451,8.0,21.2,.378,12.0,17.5,.689,9.2,27.0,36.2,13.8,6.1,4.5,11.8,20.8
2017HIGHPOINT,31,40.6,68.8,23.6,54.6,.432,6.3,16.8,.377,15.3,20.5,.744,9.5,24.8,34.3,12.5,5.9,3.1,13.1,17.4,31,40.6,68.9,24.3,55.3,.440,8.2,22.5,.363,12.1,17.8,.676,8.6,23.6,32.2,12.9,6.7,3.8,13.4,19.3
2017VIRGINIAMILITARY,30,40.0,68.6,24.4,59.3,.412,8.3,26.2,.316,11.5,16.7,.690,9.6,22.2,31.7,11.9,6.3,3.8,13.2,19.8,30,40.0,78.2,27.5,57.0,.483,8.1,20.5,.396,15.0,22.4,.671,9.8,26.4,36.2,15.0,7.1,2.5,12.9,16.1
2017ALABAMA,34,40.6,68.5,23.8,56.2,.424,6.6,20.9,.317,14.3,21.9,.653,11.6,25.9,37.4,11.5,5.9,4.1,13.9,19.5,34,40.6,64.7,22.0,54.4,.405,6.1,18.5,.333,14.6,21.7,.671,9.1,23.0,32.1,9.6,6.3,2.9,13.6,19.5
2017SANDIEGOST,33,40.2,68.5,23.7,56.9,.416,7.1,22.3,.317,14.0,20.1,.698,10.3,24.9,35.2,10.9,6.9,5.0,11.7,17.3,33,40.2,62.5,21.7,55.9,.388,6.6,20.5,.324,12.6,17.8,.707,9.5,24.0,33.5,11.1,5.3,3.5,12.5,19.0
2017SOUTHERNILLINOIS,33,40.6,68.5,24.5,56.5,.433,5.3,16.8,.316,14.2,20.4,.696,10.0,22.9,32.9,11.4,6.8,3.9,12.1,18.0,33,40.6,69.4,24.6,55.1,.447,8.1,20.4,.396,12.1,18.4,.658,9.6,24.0,33.6,12.6,5.2,3.4,13.8,18.5
2017LITTLEROCK,32,40.3,68.4,24.2,54.7,.443,6.5,18.7,.346,13.5,18.2,.741,9.1,22.9,32.0,11.8,5.7,3.8,12.8,18.5,32,40.3,68.3,23.1,51.9,.445,7.1,19.8,.360,15.0,20.9,.717,8.2,22.9,31.0,12.6,5.4,2.5,13.5,16.5
2017DELAWAREST,32,40.5,68.3,24.4,58.3,.419,8.2,22.7,.362,11.2,17.0,.659,10.2,21.3,31.5,13.4,5.5,2.8,13.6,19.0,32,40.5,75.0,25.4,57.1,.446,8.5,24.3,.350,15.6,21.5,.723,11.5,25.4,36.9,15.2,6.5,3.3,14.2,16.9
2017WAGNER,30,40.5,68.2,24.2,56.7,.428,6.1,18.4,.332,13.7,19.8,.691,13.5,24.4,37.9,10.9,4.9,3.6,14.1,20.5,30,40.5,65.8,22.3,54.7,.409,6.6,19.6,.336,14.5,21.0,.692,10.4,20.6,30.9,11.7,5.6,2.5,12.5,19.4
2017SIUEDWARDSVILLE,30,40.3,68.1,22.9,56.2,.407,4.7,16.2,.292,17.6,26.0,.677,11.1,23.3,34.4,10.2,4.7,2.8,14.5,21.9,30,40.3,76.1,26.2,56.3,.466,5.9,17.8,.330,17.7,24.2,.732,9.0,24.9,33.8,14.8,6.3,3.6,13.1,22.0
2017CALIFORNIA,34,40.6,68.1,23.7,56.2,.422,6.6,19.5,.340,14.0,21.2,.661,10.8,26.7,37.5,12.0,4.9,4.6,12.6,19.3,34,40.6,63.4,22.3,55.7,.400,5.9,18.1,.328,12.9,19.0,.677,8.0,23.1,31.1,11.5,4.8,3.6,11.0,18.7
2017HAWAII,30,40.3,68.1,23.3,55.0,.423,7.1,21.9,.325,14.4,20.1,.715,9.2,21.8,31.0,13.9,5.0,1.9,13.8,19.0,30,40.3,68.3,24.2,53.9,.449,6.0,17.8,.339,13.8,20.7,.667,8.5,23.8,32.3,10.7,6.9,3.0,14.4,20.4
2017BINGHAMTON,32,40.2,68.0,24.0,54.9,.437,7.8,21.4,.362,12.2,17.3,.705,7.5,24.7,32.2,12.8,5.2,2.4,12.4,17.0,32,40.1,70.9,25.5,56.7,.450,7.8,21.5,.361,12.3,17.9,.683,8.7,24.8,33.5,14.0,5.8,3.0,11.9,16.9
2017MOUNTSTMARYS,36,40.1,67.9,24.4,54.9,.444,7.3,20.3,.358,12.0,17.8,.673,7.1,21.8,28.9,11.2,6.2,3.9,13.1,17.8,36,40.1,68.7,25.6,56.6,.453,5.3,15.5,.341,12.2,18.4,.660,10.9,24.9,35.8,11.3,6.4,2.8,14.9,18.7
2017MORGANST,30,40.3,67.5,23.0,59.8,.385,5.3,18.0,.294,16.1,22.7,.711,13.7,24.5,38.1,10.7,5.7,3.4,14.0,20.1,30,40.3,70.7,25.0,57.0,.438,5.4,19.0,.286,15.3,23.3,.658,10.9,25.5,36.4,13.9,7.0,3.8,14.3,19.8
2017GEORGIATECH,37,40.1,67.5,24.6,56.2,.438,4.6,13.9,.331,13.6,20.0,.682,9.1,25.6,34.7,15.4,6.6,6.0,13.3,16.0,37,40.1,66.8,24.0,60.3,.398,7.4,22.3,.330,11.5,16.4,.701,11.1,24.2,35.2,13.2,6.8,3.9,13.1,17.9
2017TULSA,32,40.2,67.4,21.9,52.3,.419,7.3,21.3,.343,16.3,22.4,.729,9.0,24.4,33.4,11.3,4.5,2.5,14.8,18.1,32,40.2,70.3,24.6,56.6,.434,7.9,22.1,.359,13.2,18.8,.705,9.2,22.6,31.8,12.2,7.1,4.2,12.6,20.3
2017CONNECTICUT,33,40.3,67.3,23.6,54.8,.430,6.8,19.0,.355,13.4,18.8,.712,9.5,25.8,35.3,13.1,4.4,5.4,12.2,17.4,33,40.3,66.3,22.8,58.2,.393,7.7,23.1,.334,12.9,18.4,.703,10.9,23.5,34.5,12.2,6.1,2.8,10.1,16.7
2017LONGWOOD,30,40.0,67.3,24.6,55.3,.445,6.2,18.9,.327,11.9,16.3,.730,6.7,22.8,29.5,10.8,5.8,4.1,15.2,18.0,30,40.0,80.3,29.1,61.1,.477,8.3,20.9,.396,13.7,19.7,.697,11.4,25.0,36.5,14.1,7.9,2.4,12.6,16.0
2017CLEVELANDST,31,40.6,67.2,24.0,59.3,.405,7.1,22.9,.309,12.1,17.5,.691,10.2,21.8,32.1,10.5,7.1,3.0,13.1,20.5,31,40.6,71.7,24.9,54.4,.458,6.8,19.5,.350,15.1,22.1,.684,9.9,26.1,36.0,14.9,5.1,3.4,15.8,18.0
2017CALPOLY,31,40.3,67.2,23.4,58.1,.403,8.3,24.5,.340,12.0,17.2,.697,9.2,22.1,31.3,10.4,5.2,3.6,10.7,18.5,31,40.3,72.3,25.5,54.7,.466,5.9,15.2,.391,15.4,21.4,.717,9.3,26.6,35.9,12.8,4.7,3.0,12.4,17.8
2017PORTLAND,33,40.5,67.1,23.0,54.3,.423,6.5,17.4,.373,14.7,19.8,.740,7.7,24.2,31.8,9.8,4.9,3.4,12.8,17.6,33,40.5,72.2,25.6,59.7,.429,8.8,24.7,.356,12.2,17.5,.694,10.8,24.7,35.5,13.9,6.0,3.8,11.7,19.5
2017TEXAS,33,40.0,67.1,24.5,56.0,.439,5.5,18.8,.292,12.5,19.3,.650,9.3,23.9,33.2,11.4,5.8,4.5,13.4,17.8,33,40.0,68.9,24.8,58.5,.424,6.6,20.3,.325,12.6,17.6,.716,10.4,24.1,34.5,12.0,6.5,3.2,12.5,18.4
2017DARTMOUTH,27,40.2,67.1,23.4,54.2,.431,7.4,20.9,.352,13.0,18.3,.709,8.6,23.9,32.5,11.1,4.6,1.7,14.9,18.2,27,40.2,74.8,27.4,58.3,.470,7.3,20.8,.351,12.7,17.9,.709,8.4,23.6,32.0,12.0,6.8,4.7,11.1,18.9
2017MILWAUKEE,35,40.9,67.1,24.6,55.7,.441,7.8,22.3,.348,10.1,15.4,.660,7.9,23.0,30.9,13.3,4.7,1.5,11.9,18.3,35,40.9,71.3,25.5,54.7,.465,7.6,21.6,.353,12.7,18.1,.702,7.8,24.8,32.7,13.7,5.8,3.5,11.9,16.6
2017UCF,36,40.1,67.1,22.9,52.7,.435,7.3,20.8,.352,13.9,21.1,.661,10.3,29.0,39.3,11.1,4.0,4.0,14.6,15.2,36,40.1,61.2,22.0,60.4,.365,7.6,24.3,.313,9.5,13.5,.707,9.6,21.3,30.8,13.4,6.4,2.9,9.8,19.7
2017COLGATE,32,40.8,67.0,23.3,52.9,.440,8.5,22.9,.370,12.0,17.7,.677,7.7,23.4,31.2,12.9,5.1,2.6,14.6,18.8,32,40.8,71.0,24.4,54.1,.452,7.9,21.0,.375,14.3,20.6,.692,8.0,24.0,32.1,13.1,7.5,3.1,11.8,17.5
2017TEXASST,36,40.4,66.9,24.0,53.7,.447,6.0,18.3,.330,12.8,19.3,.661,8.8,23.2,32.0,14.6,6.6,4.4,11.8,17.8,36,40.4,62.7,21.7,52.5,.412,5.9,18.8,.315,13.4,18.7,.718,9.1,22.8,31.9,10.3,5.5,3.7,13.8,18.2
2017PACIFIC,33,40.1,66.8,23.8,58.8,.404,5.6,17.0,.330,13.7,20.3,.675,11.1,24.8,35.9,12.0,4.2,1.9,11.7,20.9,33,40.2,71.8,24.2,54.0,.449,7.8,22.2,.353,15.5,22.3,.696,7.5,26.5,34.0,14.6,5.1,4.2,11.7,19.5
2017SANTACLARA,33,40.6,66.8,23.6,54.1,.436,9.6,25.2,.382,10.0,13.7,.732,5.8,23.1,28.9,14.1,5.2,2.0,10.3,18.7,33,40.6,65.4,23.3,51.6,.452,6.4,17.0,.377,12.4,18.1,.686,7.3,25.6,32.9,12.6,3.8,2.8,12.6,16.6
2017HARTFORD,32,40.5,66.8,22.8,56.7,.402,8.2,24.3,.338,12.9,18.5,.699,8.3,23.1,31.4,11.5,7.1,3.7,14.3,18.8,32,40.5,77.0,27.3,60.1,.455,7.8,20.1,.389,14.6,21.0,.696,11.8,27.3,39.1,16.0,6.5,3.6,13.2,17.7
2017LOUISIANAMONROE,33,40.9,66.6,24.7,58.1,.425,7.2,21.6,.332,10.1,15.1,.669,9.9,24.2,34.1,13.4,4.7,2.2,13.1,17.5,33,40.9,69.7,24.7,57.0,.434,7.2,20.3,.356,13.0,19.2,.676,9.3,24.3,33.6,12.9,6.1,3.9,11.3,16.1
2017LIBERTY,35,40.4,66.6,22.3,51.1,.436,9.1,25.4,.359,13.0,17.5,.742,4.4,22.4,26.8,12.9,6.5,1.9,10.4,19.1,35,40.4,63.4,21.1,48.6,.434,6.9,20.5,.335,14.4,19.9,.721,6.7,25.7,32.4,10.8,4.5,2.4,14.2,17.3
2017LAFAYETTE,30,40.2,66.5,23.7,55.2,.430,7.4,22.1,.334,11.7,16.4,.711,6.4,24.1,30.5,12.6,4.9,2.8,14.5,17.1,30,40.2,76.1,26.9,58.9,.457,9.7,25.7,.379,12.5,18.3,.685,9.4,26.9,36.3,15.0,7.6,2.2,12.8,18.0
2017JAMESMADISON,33,40.5,66.5,23.3,52.5,.444,6.3,19.1,.331,13.5,18.8,.717,8.9,24.3,33.2,11.7,5.9,2.7,14.2,20.2,33,40.4,69.7,23.5,53.5,.439,7.9,22.9,.346,14.8,20.6,.717,7.8,22.2,29.9,12.7,6.1,2.7,12.0,18.3
2017COPPINST,32,40.3,66.2,22.0,57.7,.382,7.0,22.1,.318,15.1,23.3,.650,10.6,22.4,33.0,10.5,5.7,2.3,13.7,20.8,32,40.3,78.8,27.3,58.0,.470,8.0,22.9,.350,16.3,23.3,.697,11.1,28.0,39.1,14.4,5.8,3.4,13.9,20.5
2017VIRGINIA,34,40.6,66.1,24.7,53.6,.460,6.8,17.7,.385,9.9,13.9,.709,8.1,23.4,31.6,13.9,5.6,4.1,9.6,16.4,34,40.6,56.4,19.4,48.6,.398,6.1,19.4,.317,11.5,16.4,.699,7.2,21.8,29.0,9.8,4.9,2.7,12.5,14.7
2017SAINTPETERS,36,40.3,66.0,22.9,52.5,.436,8.0,21.0,.381,12.2,17.4,.700,7.9,24.0,31.9,12.2,7.0,2.9,11.1,15.9,36,40.3,60.8,21.7,52.3,.416,6.9,21.5,.319,10.5,15.3,.689,7.9,23.5,31.4,11.6,5.1,3.0,13.8,17.9
2017TEXASSANANTONIO,33,40.0,66.0,23.3,59.4,.393,5.2,18.4,.283,14.2,21.3,.666,12.1,25.8,38.0,10.8,5.5,1.9,12.6,19.5,33,40.0,69.4,24.1,55.5,.434,7.2,20.5,.350,14.0,20.8,.674,7.8,25.7,33.4,13.1,5.8,4.0,12.3,19.1
2017LOYOLAMD,33,40.3,65.9,22.8,54.3,.420,5.4,16.3,.329,14.9,21.5,.692,10.7,21.6,32.4,11.7,7.3,3.4,15.0,19.3,33,40.3,68.2,24.5,53.0,.463,5.7,17.4,.329,13.3,18.6,.718,8.4,22.6,31.0,12.7,7.1,4.3,15.0,19.7
2017ALABAMAST,31,40.6,65.9,23.2,59.2,.392,6.5,21.7,.297,13.0,20.5,.637,13.1,24.1,37.1,9.7,4.8,3.2,15.7,20.3,31,40.6,74.4,25.7,58.0,.444,6.3,18.5,.343,16.5,24.4,.679,11.3,25.3,36.6,12.6,7.4,3.0,12.9,18.3
2017BRADLEY,33,40.2,65.5,22.2,52.2,.425,6.6,18.5,.356,14.7,21.8,.673,8.5,25.5,33.9,11.3,6.2,3.6,15.2,20.4,33,40.2,70.7,23.5,56.2,.418,7.5,22.0,.342,16.2,22.7,.715,10.6,24.6,35.2,13.7,7.8,3.1,13.0,19.8
2017RUTGERS,33,40.2,65.5,24.5,59.6,.411,4.6,15.2,.303,11.9,19.1,.623,13.6,24.8,38.4,11.0,6.6,4.6,13.2,17.8,33,40.2,67.1,23.6,57.1,.413,7.0,21.5,.327,12.9,18.0,.719,10.1,23.5,33.6,13.5,6.5,5.1,13.0,18.3
2017DELAWARE,33,40.2,65.4,23.5,55.8,.421,5.9,19.5,.304,12.5,18.2,.686,9.2,24.7,33.8,11.7,5.3,3.1,12.0,18.9,33,40.1,72.2,24.6,55.2,.446,8.5,23.4,.363,14.4,21.5,.668,8.9,24.9,33.8,14.6,5.7,3.6,10.1,17.0
2017UCRIVERSIDE,29,40.2,65.3,23.8,57.6,.412,6.0,19.1,.313,11.9,17.1,.695,8.9,24.8,33.7,11.7,6.8,3.0,13.8,19.8,29,40.2,69.5,23.9,57.2,.417,7.7,22.9,.338,14.0,19.3,.725,9.5,25.5,35.0,13.8,5.6,2.8,13.8,17.7
2017SANDIEGO,31,40.8,65.3,21.5,52.8,.407,8.3,23.9,.348,14.0,19.5,.721,7.6,24.4,32.0,12.1,3.9,1.7,12.2,19.4,31,40.8,71.3,25.3,55.2,.459,7.3,19.8,.366,13.4,19.6,.683,7.8,25.1,32.9,12.2,4.7,3.5,10.4,18.4
2017RADFORD,32,40.6,65.3,23.3,56.3,.413,7.7,22.4,.345,11.0,16.6,.666,11.3,25.2,36.5,12.3,4.8,3.6,14.6,17.2,32,40.6,70.2,25.8,57.8,.446,6.7,18.8,.357,11.9,17.2,.691,9.0,23.0,32.0,11.9,7.0,3.7,10.6,15.6
2017FORDHAM,32,40.6,65.3,23.2,55.7,.416,8.3,24.7,.334,10.8,14.8,.726,7.7,20.0,27.7,13.4,9.8,2.8,13.1,19.1,32,40.6,67.7,22.9,49.5,.462,6.8,19.0,.359,15.2,21.2,.714,8.9,25.9,34.8,15.0,6.6,3.5,17.9,16.3
2017CHICAGOST,32,40.6,65.3,23.1,60.1,.384,6.6,21.3,.311,12.5,17.8,.701,9.9,23.4,33.3,11.3,6.7,2.1,13.8,19.3,32,40.6,78.5,27.2,58.4,.465,9.4,26.1,.361,14.7,20.8,.706,10.2,28.6,38.8,17.7,6.1,3.9,13.8,18.1
2017NAVY,32,40.2,64.9,23.0,54.4,.422,6.4,20.9,.307,12.5,19.5,.641,12.7,21.7,34.3,13.5,7.1,2.1,14.5,18.6,32,40.2,64.2,22.1,48.7,.455,7.0,19.5,.357,12.9,18.8,.690,7.1,21.5,28.6,13.0,7.6,2.9,15.5,19.3
2017SOUTHFLORIDA,30,40.2,64.8,23.9,56.1,.425,5.8,16.8,.346,11.3,17.2,.657,10.6,23.8,34.3,12.2,6.1,3.8,16.3,19.3,30,40.2,74.5,24.7,57.5,.429,9.4,23.6,.396,15.8,23.1,.685,11.5,23.9,35.4,15.8,8.2,4.4,13.2,17.2
2017MAINE,32,40.0,64.7,23.3,57.8,.403,6.6,20.8,.319,11.4,17.4,.654,9.4,24.5,33.9,11.8,5.2,2.0,13.1,17.6,32,40.0,75.0,26.9,58.3,.461,7.3,20.3,.361,13.9,19.3,.721,9.2,26.8,36.0,14.0,6.6,3.5,11.6,16.0
2017JACKSONST,32,40.3,64.6,22.4,58.1,.385,6.8,22.8,.297,13.0,19.3,.674,12.5,22.7,35.2,10.9,6.2,2.6,12.2,20.3,32,40.3,66.9,21.8,50.1,.434,5.9,17.7,.333,17.6,24.4,.719,8.1,24.4,32.5,11.7,5.0,3.0,13.9,17.9
2017OLDDOMINION,31,40.3,64.5,23.5,56.9,.412,5.1,15.6,.324,12.5,19.4,.643,12.7,24.5,37.2,13.6,6.3,4.6,11.2,18.3,31,40.3,61.2,20.4,50.9,.400,6.5,19.4,.336,13.9,19.6,.706,7.9,23.6,31.5,10.3,5.0,3.2,13.2,18.4
2017ROBERTMORRIS,33,40.2,64.4,22.1,55.1,.400,5.5,17.4,.319,14.7,22.7,.648,10.6,23.0,33.6,10.5,7.9,2.4,15.1,20.3,33,40.2,67.8,23.5,53.7,.438,4.9,16.5,.298,15.8,22.8,.692,10.5,25.9,36.4,11.8,6.4,3.9,16.6,20.9
2017NORTHCAROLINAAT,32,40.6,64.3,22.8,53.6,.424,6.3,19.1,.328,12.5,18.3,.681,10.1,22.7,32.8,11.0,4.5,2.2,14.5,19.7,32,40.6,76.1,25.5,57.5,.444,9.1,24.0,.379,15.9,22.2,.718,10.9,22.1,33.0,16.3,5.8,3.9,10.0,16.9
2017HOWARD,34,40.0,63.7,21.3,54.6,.390,5.1,17.4,.291,16.1,24.5,.657,11.8,24.0,35.8,9.0,5.3,3.7,14.7,18.7,34,40.0,71.6,24.7,58.0,.426,7.6,21.4,.355,14.6,20.9,.696,11.5,24.6,36.1,14.3,6.9,3.1,12.6,20.9
2017EASTCAROLINA,33,40.0,63.3,21.7,54.5,.398,6.5,20.2,.320,13.4,20.4,.657,10.5,25.8,36.4,11.9,5.1,5.2,13.9,16.7,33,40.0,65.1,23.4,59.6,.392,6.6,20.3,.325,11.8,16.2,.725,11.2,24.7,35.9,12.4,6.5,3.3,11.4,18.3
2017OREGONST,32,40.2,63.2,22.5,52.7,.428,6.3,18.3,.346,11.8,17.8,.661,8.3,22.8,31.0,11.9,5.5,3.7,15.3,19.1,32,40.1,72.5,24.9,56.0,.445,7.4,20.7,.359,15.3,21.8,.701,10.5,24.1,34.6,13.7,8.1,3.1,12.0,18.1
2017CENTRALCONNECTICUTST,29,40.4,63.0,23.3,55.2,.421,5.0,14.3,.351,11.4,18.4,.620,10.9,21.4,32.3,11.7,5.7,2.3,14.2,18.6,29,40.3,72.8,25.8,55.2,.468,8.0,21.1,.380,13.1,19.1,.686,9.8,24.2,34.0,14.3,6.3,3.9,13.5,18.6
2017SOUTHERNMISSISSIPPI,31,40.7,63.0,22.3,55.7,.399,6.5,21.1,.305,12.0,17.0,.707,7.7,25.3,33.1,12.1,4.7,2.1,13.1,17.0,31,40.6,72.2,25.0,56.9,.440,9.1,24.6,.370,13.1,18.9,.692,8.1,27.4,35.5,15.0,5.9,4.0,12.0,16.9
2017STFRANCISNY,31,40.3,62.0,21.0,60.4,.347,7.1,25.5,.279,12.9,19.9,.649,11.7,21.9,33.6,9.3,6.7,2.9,12.2,21.7,31,40.3,73.7,25.6,54.1,.474,5.2,14.8,.352,17.2,25.3,.681,10.4,29.9,40.4,12.2,5.4,3.4,14.0,18.9
2017NORTHERNIOWA,30,40.5,61.8,20.7,52.0,.399,7.6,23.4,.326,12.7,17.3,.733,5.9,22.6,28.5,9.9,6.6,2.8,11.4,15.5,30,40.5,64.4,23.2,54.1,.429,7.7,21.2,.362,10.2,13.7,.749,8.3,27.2,35.5,12.2,5.8,2.2,13.7,18.4
2017ALABAMAAM,29,40.5,61.8,21.7,53.4,.405,4.3,15.4,.280,14.2,21.2,.669,9.6,21.1,30.6,11.2,3.4,1.7,13.1,18.1,29,40.5,77.8,28.3,59.4,.476,7.4,20.3,.364,13.8,20.2,.681,11.8,23.6,35.4,14.1,6.9,3.4,9.4,18.3
2017ARKANSASPINEBLUFF,32,40.8,61.8,21.7,53.9,.403,6.5,19.4,.335,11.8,18.2,.652,10.2,20.6,30.8,10.4,8.7,2.9,18.1,22.4,32,40.8,72.5,22.8,51.0,.448,6.5,20.3,.318,20.3,28.8,.708,10.9,24.1,35.1,13.5,9.5,2.9,16.8,16.5
2017AMERICANUNIVERSITY,30,40.2,61.5,23.1,51.4,.449,5.6,17.6,.318,9.8,15.8,.618,6.4,21.5,27.8,11.3,7.0,2.4,13.2,18.3,30,40.2,68.3,23.9,50.9,.469,5.7,15.6,.368,14.8,21.1,.704,8.0,24.0,32.0,12.8,6.6,2.8,13.4,16.4
2017WESTERNCAROLINA,32,40.0,61.4,22.5,57.6,.390,5.7,18.5,.307,10.8,16.5,.653,11.8,23.3,35.2,11.3,6.2,2.3,16.1,20.7,32,40.0,73.3,24.1,54.1,.445,7.8,21.8,.355,17.4,24.8,.702,9.3,25.1,34.4,14.3,8.4,4.0,13.8,16.8
2017SAINTLOUIS,33,40.3,61.4,21.2,52.5,.404,7.0,20.4,.342,12.0,18.1,.663,7.8,23.8,31.6,12.8,5.0,2.9,13.3,19.4,33,40.3,69.3,23.8,54.2,.439,7.3,20.4,.356,14.5,20.8,.698,8.5,25.8,34.2,15.0,6.3,3.9,11.0,18.1
2017PRESBYTERIAN,30,40.2,61.2,22.2,53.9,.412,6.0,17.4,.346,10.7,15.6,.686,9.2,21.8,31.0,12.1,4.8,2.4,15.0,17.3,30,40.2,74.8,25.5,55.8,.458,9.5,24.5,.388,14.3,20.2,.705,10.1,23.7,33.8,14.3,8.4,3.7,11.6,16.9
2017UCSANTABARBARA,28,40.2,60.8,22.2,59.0,.377,5.5,19.0,.290,10.8,17.1,.634,12.3,23.5,35.8,12.1,5.3,2.1,12.3,17.9,28,40.2,71.0,25.1,56.1,.447,8.4,24.9,.338,12.4,17.9,.691,9.5,26.9,36.3,16.0,5.4,3.1,11.6,16.1
2017HOLYCROSS,32,40.2,60.4,20.7,48.5,.427,7.4,21.4,.345,11.6,16.7,.693,5.2,18.9,24.1,13.5,9.4,2.4,11.0,16.1,32,40.2,62.1,21.9,48.5,.453,7.8,22.6,.343,10.5,14.7,.713,9.0,23.8,32.9,14.3,4.8,2.9,16.0,17.3
